wl,flux,fluxerr
3651.1395088628465,7.20025,nan
3652.6117425357747,7.05115,nan
3654.0839762087035,6.95657,nan
3655.556209881632,6.74738,nan
3657.0284435545605,6.94212,nan
3658.500677227489,6.93184,nan
3659.972910900418,6.61726,nan
3661.445144573346,6.03321,nan
3662.917378246275,5.60575,nan
3664.3896119192036,6.1217,nan
3665.861845592132,5.95013,nan
3667.3340792650606,6.61022,nan
3668.8063129379893,7.24467,nan
3670.2785466109176,6.93892,nan
3671.7507802838463,6.92303,nan
3673.223013956775,7.19266,nan
3674.6952476297033,6.75571,nan
3676.167481302632,6.49775,nan
3677.6397149755608,6.54786,nan
3679.111948648489,6.5046,nan
3680.5841823214178,6.93506,nan
3682.0564159943465,6.72376,nan
3683.5286496672747,6.49289,nan
3685.0008833402035,6.76608,nan
3686.4731170131317,6.8023,nan
3687.9453506860605,6.68868,nan
3689.417584358989,6.4089,nan
3690.8898180319175,6.46301,nan
3692.362051704846,6.43138,nan
3693.834285377775,6.54284,nan
3695.306519050703,6.69324,nan
3696.778752723632,6.49761,nan
3698.2509863965606,5.91447,nan
3699.723220069489,5.77516,nan
3701.1954537424176,5.53329,nan
3702.6676874153463,5.42029,nan
3704.1399210882746,5.8878,nan
3705.6121547612033,6.3849,nan
3707.084388434132,5.83939,nan
3708.5566221070603,6.19101,nan
3710.028855779989,6.28241,nan
3711.5010894529178,6.1144,nan
3712.973323125846,6.39845,nan
3714.4455567987748,5.89841,nan
3715.9177904717035,6.11579,nan
3717.3900241446318,6.30735,nan
3718.8622578175605,6.32293,nan
3720.334491490489,6.61458,nan
3721.8067251634175,6.33565,nan
3723.278958836346,6.16676,nan
3724.751192509275,7.30696,nan
3726.223426182203,8.84463,nan
3727.695659855132,9.47339,nan
3729.1678935280606,9.86624,nan
3730.640127200989,9.25467,nan
3732.1123608739176,7.74558,nan
3733.584594546846,6.85,nan
3735.0568282197746,6.07843,nan
3736.5290618927033,5.72966,nan
3738.0012955656316,6.13481,nan
3739.4735292385603,5.95122,nan
3740.945762911489,6.15905,nan
3742.4179965844173,5.91161,nan
3743.890230257346,6.01871,nan
3745.3624639302748,6.20574,nan
3746.834697603203,5.80554,nan
3748.3069312761318,6.1541,nan
3749.7791649490605,6.11954,nan
3751.2513986219888,6.22504,nan
3752.7236322949175,6.32439,nan
3754.195865967846,5.76756,nan
3755.6680996407745,6.27288,nan
3757.140333313703,6.8929,nan
3758.612566986632,6.22463,nan
3760.08480065956,6.28891,nan
3761.557034332489,5.85196,nan
3763.0292680054176,5.74278,nan
3764.501501678346,6.12301,nan
3765.9737353512746,6.6125,nan
3767.4459690242034,6.17853,nan
3768.9182026971316,6.00552,nan
3770.3904363700603,6.00552,nan
3771.862670042989,6.27384,nan
3773.3349037159173,5.93297,nan
3774.807137388846,6.23897,nan
3776.279371061775,6.31714,nan
3777.751604734703,6.49903,nan
3779.223838407632,6.60366,nan
3780.69607208056,6.40868,nan
3782.1683057534888,6.2583,nan
3783.6405394264175,6.02257,nan
3785.1127730993458,6.55401,nan
3786.5850067722745,6.55014,nan
3788.057240445203,6.6899,nan
3789.5294741181315,6.58438,nan
3791.00170779106,6.75791,nan
3792.473941463989,7.04793,nan
3793.946175136917,6.73958,nan
3795.418408809846,6.82891,nan
3796.8906424827746,6.95492,nan
3798.362876155703,6.31654,nan
3799.8351098286316,5.88863,nan
3801.3073435015604,6.06681,nan
3802.7795771744886,7.14504,nan
3804.2518108474173,7.38355,nan
3805.724044520346,6.55142,nan
3807.1962781932743,6.44382,nan
3808.668511866203,6.40976,nan
3810.140745539132,6.10764,nan
3811.61297921206,6.18487,nan
3813.085212884989,6.97974,nan
3814.5574465579175,6.90484,nan
3816.0296802308458,6.64994,nan
3817.5019139037745,6.43277,nan
3818.974147576703,6.23011,nan
3820.4463812496315,6.64808,nan
3821.91861492256,6.87357,nan
3823.3908485954885,6.40123,nan
3824.863082268417,6.45904,nan
3826.335315941346,7.2525,nan
3827.807549614274,6.61994,nan
3829.279783287203,5.99596,nan
3830.7520169601316,7.08497,nan
3832.22425063306,6.72862,nan
3833.6964843059886,6.91314,nan
3835.1687179789174,7.02307,nan
3836.6409516518456,6.95678,nan
3838.1131853247743,6.59081,nan
3839.585418997703,6.14683,nan
3841.0576526706313,6.4045,nan
3842.52988634356,6.39981,nan
3844.002120016489,6.61917,nan
3845.474353689417,6.90252,nan
3846.946587362346,6.43832,nan
3848.4188210352745,6.11579,nan
3849.891054708203,6.15236,nan
3851.3632883811315,6.69443,nan
3852.83552205406,6.51251,nan
3854.3077557269885,6.46958,nan
3855.779989399917,6.7712,nan
3857.252223072846,6.72446,nan
3858.724456745774,6.42196,nan
3860.196690418703,6.29003,nan
3861.6689240916317,6.1251,nan
3863.14115776456,6.44938,nan
3864.6133914374886,6.98071,nan
3866.0856251104174,7.09582,nan
3867.5578587833456,6.93079,nan
3869.0300924562744,7.01456,nan
3870.5023261292026,6.45363,nan
3871.9745598021314,6.46627,nan
3873.44679347506,6.84164,nan
3874.9190271479883,6.99102,nan
3876.391260820917,6.99573,nan
3877.863494493846,6.61708,nan
3879.335728166774,6.75328,nan
3880.807961839703,6.41854,nan
3882.2801955126315,6.85594,nan
3883.75242918556,6.92234,nan
3885.2246628584885,7.16665,nan
3886.696896531417,6.79403,nan
3888.1691302043455,6.81808,nan
3889.641363877274,7.24498,nan
3891.113597550203,7.433,nan
3892.585831223131,7.12573,nan
3894.05806489606,6.35167,nan
3895.5302985689887,6.53598,nan
3897.002532241917,6.73751,nan
3898.4747659148456,6.64896,nan
3899.9469995877744,7.13297,nan
3901.4192332607026,7.05429,nan
3902.8914669336314,6.67541,nan
3904.36370060656,7.03407,nan
3905.8359342794884,7.33662,nan
3907.308167952417,7.0558,nan
3908.780401625346,6.83798,nan
3910.252635298274,6.99293,nan
3911.724868971203,6.37218,nan
3913.1971026441315,6.4716,nan
3914.66933631706,7.02692,nan
3916.1415699899885,7.17868,nan
3917.613803662917,7.27026,nan
3919.0860373358455,7.38021,nan
3920.558271008774,7.12771,nan
3922.0305046817025,7.08844,nan
3923.502738354631,7.10084,nan
3924.97497202756,7.05067,nan
3926.447205700488,7.05269,nan
3927.919439373417,7.104,nan
3929.3916730463457,6.83812,nan
3930.863906719274,6.50352,nan
3932.3361403922027,6.44573,nan
3933.8083740651314,6.48948,nan
3935.2806077380596,6.74419,nan
3936.7528414109884,7.17423,nan
3938.225075083917,7.22384,nan
3939.6973087568454,6.91495,nan
3941.169542429774,6.96517,nan
3942.641776102703,7.13743,nan
3944.114009775631,6.51713,nan
3945.58624344856,6.53727,nan
3947.0584771214885,7.10573,nan
3948.530710794417,7.20459,nan
3950.0029444673455,6.92717,nan
3951.4751781402742,7.25755,nan
3952.9474118132025,7.80781,nan
3954.4196454861312,7.6178,nan
3955.89187915906,7.69657,nan
3957.364112831988,7.04148,nan
3958.836346504917,7.15317,nan
3960.3085801778457,6.87431,nan
3961.780813850774,6.98801,nan
3963.2530475237027,7.58526,nan
3964.725281196631,7.09505,nan
3966.1975148695597,7.02154,nan
3967.6697485424884,6.9872,nan
3969.1419822154166,7.09812,nan
3970.6142158883454,7.0556,nan
3972.086449561274,6.96204,nan
3973.5586832342024,7.26696,nan
3975.030916907131,7.19429,nan
3976.50315058006,7.64937,nan
3977.975384252988,7.05684,nan
3979.447617925917,6.22777,nan
3980.9198515988455,6.71824,nan
3982.392085271774,7.64615,nan
3983.8643189447025,7.19215,nan
3985.3365526176312,7.22499,nan
3986.8087862905595,7.56222,nan
3988.2810199634882,7.76363,nan
3989.753253636417,7.56537,nan
3991.225487309345,7.54836,nan
3992.697720982274,7.61874,nan
3994.1699546552027,7.63273,nan
3995.642188328131,7.71728,nan
3997.1144220010597,7.5055,nan
3998.5866556739884,7.59861,nan
4000.0588893469167,7.42057,nan
4001.5311230198454,7.15787,nan
4003.003356692774,7.3907,nan
4004.4755903657024,7.32259,nan
4005.947824038631,7.40678,nan
4007.4200577115594,7.52054,nan
4008.892291384488,7.06972,nan
4010.364525057417,7.07486,nan
4011.836758730345,6.75865,nan
4013.308992403274,6.34292,nan
4014.7812260762025,6.77197,nan
4016.253459749131,7.12185,nan
4017.7256934220595,7.2916,nan
4019.1979270949882,7.54183,nan
4020.6701607679165,7.40192,nan
4022.1423944408452,7.07225,nan
4023.614628113774,6.99388,nan
4025.0868617867022,7.24706,nan
4026.559095459631,7.26139,nan
4028.0313291325597,6.99939,nan
4029.503562805488,6.77168,nan
4030.9757964784167,7.20516,nan
4032.4480301513454,6.36284,nan
4033.9202638242737,6.20962,nan
4035.3924974972024,6.64421,nan
4036.864731170131,6.72258,nan
4038.3369648430594,6.44675,nan
4039.809198515988,6.76958,nan
4041.281432188917,7.42484,nan
4042.753665861845,6.63017,nan
4044.225899534774,7.05989,nan
4045.6981332077025,6.64765,nan
4047.170366880631,6.31231,nan
4048.6426005535595,6.50363,nan
4050.1148342264883,6.4623,nan
4051.5870678994165,6.75035,nan
4053.0593015723452,6.95931,nan
4054.5315352452735,7.08511,nan
4056.0037689182022,7.06326,nan
4057.476002591131,6.77937,nan
4058.9482362640592,6.86333,nan
4060.420469936988,6.94477,nan
4061.8927036099167,6.85817,nan
4063.364937282845,6.72567,nan
4064.8371709557737,6.78746,nan
4066.3094046287024,6.99298,nan
4067.7816383016307,6.81874,nan
4069.2538719745594,6.90621,nan
4070.726105647488,7.16811,nan
4072.1983393204164,7.04457,nan
4073.670572993345,6.47181,nan
4075.142806666274,6.79025,nan
4076.615040339202,6.9934,nan
4078.087274012131,6.79718,nan
4079.5595076850595,6.92758,nan
4081.031741357988,6.81921,nan
4082.5039750309165,7.07497,nan
4083.9762087038453,7.44333,nan
4085.4484423767735,7.59192,nan
4086.9206760497023,7.49939,nan
4088.392909722631,7.23329,nan
4089.8651433955592,6.65038,nan
4091.337377068488,6.84921,nan
4092.8096107414167,7.02912,nan
4094.281844414345,7.01609,nan
4095.7540780872737,6.92844,nan
4097.226311760202,6.57786,nan
4098.698545433131,6.95671,nan
4100.170779106059,7.05779,nan
4101.643012778988,6.92858,nan
4103.115246451916,6.76187,nan
4104.587480124845,6.10026,nan
4106.059713797774,6.27334,nan
4107.531947470702,6.30574,nan
4109.00418114363,6.59179,nan
4110.47641481656,6.73273,nan
4111.948648489488,6.05905,nan
4113.420882162416,6.70276,nan
4114.893115835345,7.46252,nan
4116.3653495082735,6.62432,nan
4117.837583181202,6.64538,nan
4119.309816854131,7.16456,nan
4120.782050527059,6.89518,nan
4122.2542841999875,6.30979,nan
4123.726517872917,6.21766,nan
4125.198751545845,6.57152,nan
4126.670985218773,6.78733,nan
4128.143218891702,6.58377,nan
4129.615452564631,6.50864,nan
4131.087686237559,6.65942,nan
4132.559919910488,6.60618,nan
4134.032153583416,6.6117,nan
4135.504387256345,6.83904,nan
4136.976620929274,6.59695,nan
4138.448854602202,6.04512,nan
4139.92108827513,6.24976,nan
4141.39332194806,6.53953,nan
4142.865555620988,6.61924,nan
4144.337789293916,6.55617,nan
4145.810022966845,6.57698,nan
4147.282256639774,6.26193,nan
4148.754490312702,6.74603,nan
4150.226723985631,6.76013,nan
4151.698957658559,6.86054,nan
4153.1711913314875,6.67875,nan
4154.643425004417,6.39314,nan
4156.115658677345,6.49814,nan
4157.587892350273,6.53311,nan
4159.060126023202,6.57624,nan
4160.532359696131,6.50847,nan
4162.004593369059,6.60295,nan
4163.476827041988,6.66956,nan
4164.949060714916,6.22808,nan
4166.421294387845,5.95681,nan
4167.893528060773,6.43665,nan
4169.365761733702,5.89262,nan
4170.83799540663,6.08931,nan
4172.310229079559,6.50701,nan
4173.782462752488,6.17128,nan
4175.254696425416,5.72751,nan
4176.726930098344,6.1795,nan
4178.199163771274,6.25125,nan
4179.671397444202,6.41294,nan
4181.14363111713,5.83819,nan
4182.615864790059,6.05161,nan
4184.088098462988,5.71079,nan
4185.560332135916,6.12218,nan
4187.032565808845,6.22071,nan
4188.504799481773,6.2576,nan
4189.9770331547015,6.50679,nan
4191.449266827631,6.36083,nan
4192.921500500559,6.28575,nan
4194.393734173487,5.95155,nan
4195.865967846416,5.72277,nan
4197.338201519345,6.01542,nan
4198.810435192273,5.75239,nan
4200.282668865202,5.89585,nan
4201.75490253813,6.20904,nan
4203.227136211059,5.90568,nan
4204.699369883988,5.7197,nan
4206.171603556916,6.12186,nan
4207.643837229844,6.34488,nan
4209.116070902774,6.20111,nan
4210.588304575702,6.31525,nan
4212.06053824863,6.29084,nan
4213.532771921559,6.12167,nan
4215.005005594488,6.12232,nan
4216.477239267416,5.92011,nan
4217.949472940345,5.75869,nan
4219.421706613273,5.94549,nan
4220.8939402862015,5.8912,nan
4222.366173959131,5.85199,nan
4223.838407632059,6.04089,nan
4225.310641304987,6.07115,nan
4226.782874977916,6.04948,nan
4228.255108650845,5.94538,nan
4229.727342323773,5.9905,nan
4231.199575996702,5.92109,nan
4232.67180966963,6.0691,nan
4234.144043342559,5.96588,nan
4235.616277015488,6.18128,nan
4237.088510688416,5.99923,nan
4238.560744361344,5.69929,nan
4240.032978034274,6.36578,nan
4241.505211707202,6.2946,nan
4242.97744538013,6.12107,nan
4244.449679053059,6.15688,nan
4245.921912725988,6.36889,nan
4247.394146398916,6.09322,nan
4248.866380071845,6.0609,nan
4250.338613744773,6.13713,nan
4251.810847417702,5.80216,nan
4253.283081090631,6.18278,nan
4254.755314763559,6.05151,nan
4256.227548436487,5.68759,nan
4257.699782109416,5.98496,nan
4259.172015782345,5.9619,nan
4260.644249455273,6.02536,nan
4262.116483128201,6.27399,nan
4263.58871680113,6.42562,nan
4265.060950474059,6.2928,nan
4266.533184146987,6.33462,nan
4268.005417819916,6.16998,nan
4269.477651492844,6.04523,nan
4270.949885165773,6.14876,nan
4272.422118838702,6.05494,nan
4273.89435251163,5.93711,nan
4275.366586184558,6.05758,nan
4276.838819857488,6.23365,nan
4278.311053530416,6.29478,nan
4279.783287203344,6.45755,nan
4281.255520876273,6.51816,nan
4282.727754549202,6.39082,nan
4284.19998822213,6.39441,nan
4285.672221895059,6.32931,nan
4287.144455567987,5.9474,nan
4288.616689240916,6.15279,nan
4290.088922913845,6.38105,nan
4291.561156586773,6.45768,nan
4293.033390259701,6.53928,nan
4294.50562393263,6.40799,nan
4295.977857605559,6.72271,nan
4297.450091278487,6.39008,nan
4298.922324951416,6.31569,nan
4300.394558624344,6.88094,nan
4301.866792297273,7.24107,nan
4303.339025970202,6.55315,nan
4304.81125964313,6.81389,nan
4306.283493316058,6.56013,nan
4307.755726988988,6.38569,nan
4309.227960661916,6.78627,nan
4310.700194334844,7.22978,nan
4312.172428007773,6.91642,nan
4313.644661680702,7.19007,nan
4315.11689535363,7.1354,nan
4316.589129026559,6.6157,nan
4318.061362699487,6.96834,nan
4319.533596372416,6.59873,nan
4321.005830045345,6.77342,nan
4322.478063718273,6.76851,nan
4323.950297391201,6.61121,nan
4325.42253106413,7.29333,nan
4326.894764737059,6.96214,nan
4328.366998409987,6.73452,nan
4329.839232082916,7.00394,nan
4331.311465755844,7.09631,nan
4332.783699428773,6.86872,nan
4334.255933101702,6.75935,nan
4335.72816677463,6.76674,nan
4337.200400447558,7.40987,nan
4338.672634120488,7.51021,nan
4340.144867793416,7.44716,nan
4341.617101466344,7.5535,nan
4343.089335139273,7.4135,nan
4344.561568812202,6.74725,nan
4346.03380248513,6.46638,nan
4347.506036158059,6.79513,nan
4348.978269830987,6.95812,nan
4350.450503503916,6.86495,nan
4351.922737176844,6.71999,nan
4353.394970849773,6.86541,nan
4354.867204522701,7.20163,nan
4356.33943819563,7.01542,nan
4357.811671868559,6.79445,nan
4359.283905541487,6.8558,nan
4360.756139214415,6.83985,nan
4362.228372887344,6.80793,nan
4363.700606560273,7.01505,nan
4365.172840233201,6.86191,nan
4366.64507390613,6.74333,nan
4368.117307579058,6.74069,nan
4369.589541251987,7.00836,nan
4371.061774924916,7.06971,nan
4372.534008597844,7.06708,nan
4374.006242270772,6.92774,nan
4375.478475943702,6.54601,nan
4376.95070961663,6.52975,nan
4378.422943289558,6.66987,nan
4379.895176962487,6.85807,nan
4381.367410635416,6.77444,nan
4382.839644308344,6.67161,nan
4384.311877981273,7.08103,nan
4385.784111654201,6.99311,nan
4387.25634532713,6.95168,nan
4388.728579000059,7.16316,nan
4390.200812672987,6.99625,nan
4391.673046345915,7.14871,nan
4393.1452800188445,6.77241,nan
4394.617513691773,6.97691,nan
4396.089747364701,7.12455,nan
4397.56198103763,6.87666,nan
4399.034214710558,6.98824,nan
4400.506448383487,6.90979,nan
4401.978682056416,6.65241,nan
4403.450915729344,6.96989,nan
4404.923149402272,6.86296,nan
4406.395383075202,6.88071,nan
4407.86761674813,6.98944,nan
4409.339850421058,6.85817,nan
4410.812084093987,6.98622,nan
4412.284317766916,6.83197,nan
4413.756551439844,6.97281,nan
4415.228785112773,7.0291,nan
4416.701018785701,6.88322,nan
4418.17325245863,6.84969,nan
4419.645486131559,6.7612,nan
4421.117719804487,6.66208,nan
4422.589953477415,6.80177,nan
4424.0621871503445,6.89393,nan
4425.534420823273,6.57436,nan
4427.006654496201,6.46643,nan
4428.47888816913,6.75595,nan
4429.9511218420585,6.84772,nan
4431.423355514987,6.81562,nan
4432.895589187916,7.00398,nan
4434.367822860844,6.84702,nan
4435.840056533772,6.74154,nan
4437.312290206702,6.97107,nan
4438.78452387963,7.01741,nan
4440.256757552558,6.7222,nan
4441.728991225486,6.79369,nan
4443.201224898416,7.18433,nan
4444.673458571344,6.96603,nan
4446.145692244272,6.66837,nan
4447.617925917201,6.64392,nan
4449.09015959013,6.94716,nan
4450.562393263058,7.20797,nan
4452.034626935987,6.62995,nan
4453.506860608915,6.80637,nan
4454.979094281844,7.15597,nan
4456.451327954773,6.96433,nan
4457.923561627701,7.00562,nan
4459.395795300629,7.05352,nan
4460.8680289735585,6.81628,nan
4462.340262646487,7.08696,nan
4463.812496319415,7.33944,nan
4465.284729992344,7.09397,nan
4466.756963665272,6.96555,nan
4468.229197338201,6.70194,nan
4469.70143101113,6.63686,nan
4471.173664684058,7.10571,nan
4472.645898356986,7.16835,nan
4474.118132029916,6.87445,nan
4475.590365702844,6.90518,nan
4477.062599375772,7.04294,nan
4478.534833048701,7.11934,nan
4480.00706672163,6.94657,nan
4481.479300394558,6.96523,nan
4482.951534067487,6.77995,nan
4484.423767740415,6.78303,nan
4485.896001413344,6.89986,nan
4487.368235086273,6.96378,nan
4488.840468759201,7.1793,nan
4490.312702432129,7.21553,nan
4491.7849361050585,7.11676,nan
4493.257169777987,7.04523,nan
4494.729403450915,7.27456,nan
4496.201637123844,7.13393,nan
4497.6738707967725,6.67249,nan
4499.146104469701,6.83731,nan
4500.61833814263,6.98773,nan
4502.090571815558,7.08377,nan
4503.562805488486,7.12211,nan
4505.035039161416,6.9743,nan
4506.507272834344,7.10063,nan
4507.979506507272,7.18687,nan
4509.451740180201,7.06604,nan
4510.92397385313,7.04983,nan
4512.396207526058,7.04014,nan
4513.868441198987,6.94851,nan
4515.340674871915,7.05132,nan
4516.812908544844,7.06354,nan
4518.285142217773,7.15071,nan
4519.757375890701,6.9435,nan
4521.229609563629,7.10386,nan
4522.7018432365585,6.88277,nan
4524.174076909487,6.89471,nan
4525.646310582415,6.92899,nan
4527.118544255344,6.9497,nan
4528.5907779282725,6.69206,nan
4530.063011601201,6.98879,nan
4531.53524527413,7.20064,nan
4533.007478947058,6.89597,nan
4534.4797126199865,6.91233,nan
4535.951946292915,6.59948,nan
4537.424179965844,6.92037,nan
4538.896413638772,7.07251,nan
4540.3686473117,6.74782,nan
4541.84088098463,7.00955,nan
4543.313114657558,7.09487,nan
4544.785348330486,6.8794,nan
4546.257582003415,7.01962,nan
4547.729815676344,6.66081,nan
4549.202049349272,6.82615,nan
4550.674283022201,7.03083,nan
4552.146516695129,6.79248,nan
4553.618750368058,6.78787,nan
4555.090984040987,6.85856,nan
4556.563217713915,7.09912,nan
4558.035451386843,6.82663,nan
4559.5076850597725,6.59035,nan
4560.979918732701,6.63832,nan
4562.452152405629,6.65504,nan
4563.924386078558,6.65132,nan
4565.3966197514865,6.70313,nan
4566.868853424415,6.91155,nan
4568.341087097344,6.86937,nan
4569.813320770272,6.51319,nan
4571.2855544432,6.56754,nan
4572.75778811613,6.55457,nan
4574.230021789058,6.59706,nan
4575.702255461986,6.76317,nan
4577.174489134915,6.72493,nan
4578.646722807844,6.65507,nan
4580.118956480772,6.62954,nan
4581.591190153701,6.48415,nan
4583.063423826629,6.81445,nan
4584.535657499558,6.94616,nan
4586.007891172487,6.69091,nan
4587.480124845415,6.64362,nan
4588.952358518343,6.62558,nan
4590.4245921912725,6.83257,nan
4591.896825864201,6.40782,nan
4593.369059537129,6.3692,nan
4594.841293210058,6.58566,nan
4596.3135268829865,6.45752,nan
4597.785760555915,6.54942,nan
4599.257994228844,6.28974,nan
4600.730227901772,6.63665,nan
4602.2024615747005,6.71638,nan
4603.67469524763,6.43227,nan
4605.146928920558,6.52095,nan
4606.619162593486,6.64456,nan
4608.091396266415,6.445,nan
4609.563629939344,6.57981,nan
4611.035863612272,6.60414,nan
4612.508097285201,6.72879,nan
4613.980330958129,6.59539,nan
4615.452564631058,6.37432,nan
4616.924798303987,6.43754,nan
4618.397031976915,6.41327,nan
4619.869265649843,6.18944,nan
4621.3414993227725,6.37921,nan
4622.813732995701,6.48594,nan
4624.285966668629,6.53801,nan
4625.758200341557,6.65522,nan
4627.2304340144865,6.52625,nan
4628.702667687415,6.62192,nan
4630.174901360343,6.48928,nan
4631.647135033272,6.23219,nan
4633.1193687062005,6.3627,nan
4634.591602379129,6.49873,nan
4636.063836052058,6.40106,nan
4637.536069724986,6.18928,nan
4639.0083033979145,6.28692,nan
4640.480537070844,6.42506,nan
4641.952770743772,6.41931,nan
4643.4250044167,6.28262,nan
4644.897238089629,6.14984,nan
4646.369471762558,6.31769,nan
4647.841705435486,6.35024,nan
4649.313939108415,6.42236,nan
4650.786172781343,6.30411,nan
4652.258406454272,6.39662,nan
4653.730640127201,6.35524,nan
4655.202873800129,6.14768,nan
4656.675107473057,6.25935,nan
4658.1473411459865,6.07649,nan
4659.619574818915,6.24938,nan
4661.091808491843,6.21891,nan
4662.564042164772,6.38773,nan
4664.0362758377005,6.27662,nan
4665.508509510629,5.68801,nan
4666.980743183558,5.88086,nan
4668.452976856486,5.94556,nan
4669.9252105294145,6.07033,nan
4671.397444202344,5.96341,nan
4672.869677875272,5.9885,nan
4674.3419115482,6.00505,nan
4675.814145221129,6.25881,nan
4677.286378894058,6.25611,nan
4678.758612566986,6.22182,nan
4680.230846239915,6.00936,nan
4681.703079912843,5.88375,nan
4683.175313585772,6.21702,nan
4684.647547258701,6.44456,nan
4686.119780931629,6.13673,nan
4687.592014604557,5.962,nan
4689.0642482774865,6.05559,nan
4690.536481950415,5.94005,nan
4692.008715623343,5.98063,nan
4693.480949296272,5.91765,nan
4694.9531829692005,6.00271,nan
4696.425416642129,5.99818,nan
4697.897650315058,5.99753,nan
4699.369883987986,5.95176,nan
4700.8421176609145,5.63937,nan
4702.314351333844,5.81293,nan
4703.786585006772,6.11415,nan
4705.2588186797,5.97301,nan
4706.731052352629,5.96136,nan
4708.203286025558,5.85846,nan
4709.675519698486,5.76991,nan
4711.147753371415,5.87371,nan
4712.619987044343,5.95557,nan
4714.092220717272,5.93768,nan
4715.564454390201,5.95694,nan
4717.036688063129,5.9165,nan
4718.508921736057,5.9704,nan
4719.981155408986,6.10751,nan
4721.453389081915,5.98522,nan
4722.925622754843,6.20025,nan
4724.397856427771,5.86418,nan
4725.8700901007005,5.76248,nan
4727.342323773629,5.90555,nan
4728.814557446557,5.97587,nan
4730.286791119486,5.77288,nan
4731.7590247924145,5.68699,nan
4733.231258465343,5.75227,nan
4734.703492138272,6.07736,nan
4736.1757258112,6.36154,nan
4737.6479594841285,5.89909,nan
4739.120193157058,6.0637,nan
4740.592426829986,5.9116,nan
4742.064660502914,5.79902,nan
4743.536894175843,5.95531,nan
4745.009127848772,6.0068,nan
4746.4813615217,5.97419,nan
4747.953595194629,5.48387,nan
4749.425828867557,5.93739,nan
4750.898062540486,5.97575,nan
4752.370296213415,5.62886,nan
4753.842529886343,5.74197,nan
4755.314763559271,5.82254,nan
4756.7869972322005,5.71268,nan
4758.259230905129,5.56579,nan
4759.731464578057,5.72138,nan
4761.203698250986,5.70819,nan
4762.6759319239145,5.60116,nan
4764.148165596843,5.64984,nan
4765.620399269772,5.82474,nan
4767.0926329427,5.7902,nan
4768.5648666156285,5.65634,nan
4770.037100288558,5.64803,nan
4771.509333961486,5.82242,nan
4772.981567634414,5.99761,nan
4774.453801307343,5.94323,nan
4775.926034980272,5.6462,nan
4777.3982686532,5.7261,nan
4778.870502326129,5.86259,nan
4780.342735999057,5.57818,nan
4781.814969671986,5.67121,nan
4783.287203344915,5.99732,nan
4784.759437017843,6.01879,nan
4786.231670690771,5.79388,nan
4787.7039043637005,5.61754,nan
4789.176138036629,5.5472,nan
4790.648371709557,5.75555,nan
4792.120605382486,6.02332,nan
4793.5928390554145,6.00274,nan
4795.065072728343,5.65164,nan
4796.537306401272,5.72829,nan
4798.0095400742,5.68183,nan
4799.4817737471285,5.90265,nan
4800.954007420058,5.98018,nan
4802.426241092986,5.68024,nan
4803.898474765914,5.54424,nan
4805.370708438843,5.67317,nan
4806.842942111772,5.34218,nan
4808.3151757847,5.3815,nan
4809.787409457628,5.41001,nan
4811.259643130557,5.55609,nan
4812.731876803486,5.71936,nan
4814.204110476414,5.67498,nan
4815.676344149343,5.61733,nan
4817.148577822271,5.69144,nan
4818.6208114952,5.86184,nan
4820.093045168129,5.77917,nan
4821.565278841057,5.70865,nan
4823.037512513985,5.51487,nan
4824.5097461869145,5.40477,nan
4825.981979859843,5.46245,nan
4827.454213532771,5.53378,nan
4828.9264472057,5.57589,nan
4830.3986808786285,5.45773,nan
4831.870914551557,5.55533,nan
4833.343148224486,5.57604,nan
4834.815381897414,5.44974,nan
4836.2876155703425,5.50486,nan
4837.759849243272,5.61721,nan
4839.2320829162,5.45758,nan
4840.704316589128,5.50187,nan
4842.176550262057,5.6352,nan
4843.648783934986,5.60108,nan
4845.121017607914,5.5709,nan
4846.593251280843,5.6058,nan
4848.065484953771,5.59456,nan
4849.5377186267,5.31305,nan
4851.009952299629,5.19379,nan
4852.482185972557,5.46393,nan
4853.954419645485,5.51614,nan
4855.4266533184145,5.84966,nan
4856.898886991343,6.18284,nan
4858.371120664271,6.30443,nan
4859.8433543372,6.73832,nan
4861.3155880101285,6.93098,nan
4862.787821683057,6.70577,nan
4864.260055355986,6.0254,nan
4865.732289028914,5.82353,nan
4867.2045227018425,5.8605,nan
4868.676756374772,5.72326,nan
4870.1489900477,5.29628,nan
4871.621223720628,5.20609,nan
4873.093457393557,5.62432,nan
4874.565691066486,5.61843,nan
4876.037924739414,5.48877,nan
4877.510158412343,5.78651,nan
4878.982392085271,5.71106,nan
4880.4546257582,5.77918,nan
4881.926859431129,5.50447,nan
4883.399093104057,5.67859,nan
4884.871326776985,6.01457,nan
4886.343560449915,5.64469,nan
4887.815794122843,5.49283,nan
4889.288027795771,5.53723,nan
4890.7602614687,5.59992,nan
4892.2324951416285,5.70617,nan
4893.704728814557,5.60115,nan
4895.176962487486,5.45039,nan
4896.649196160414,5.43746,nan
4898.1214298333425,5.52987,nan
4899.593663506271,5.45289,nan
4901.0658971792,5.55669,nan
4902.538130852128,5.63395,nan
4904.0103645250565,5.72746,nan
4905.482598197986,5.83073,nan
4906.954831870914,5.80596,nan
4908.427065543842,5.88985,nan
4909.899299216771,5.68234,nan
4911.3715328897,5.70259,nan
4912.843766562628,5.80054,nan
4914.316000235557,5.68049,nan
4915.788233908485,5.59711,nan
4917.260467581414,5.58977,nan
4918.732701254343,5.58178,nan
4920.204934927271,5.71961,nan
4921.677168600199,5.77146,nan
4923.1494022731285,5.89357,nan
4924.621635946057,5.95008,nan
4926.093869618985,5.86551,nan
4927.566103291914,5.81169,nan
4929.0383369648425,5.96745,nan
4930.510570637771,5.88404,nan
4931.9828043107,5.64215,nan
4933.455037983628,5.81388,nan
4934.9272716565565,5.86319,nan
4936.399505329486,5.8804,nan
4937.871739002414,5.82,nan
4939.343972675342,5.96379,nan
4940.816206348271,6.03005,nan
4942.2884400212,5.78699,nan
4943.760673694128,5.71657,nan
4945.232907367057,5.59507,nan
4946.705141039985,5.95857,nan
4948.177374712914,6.15228,nan
4949.649608385843,5.802,nan
4951.121842058771,6.0236,nan
4952.594075731699,6.26642,nan
4954.066309404629,6.0669,nan
4955.538543077557,6.20945,nan
4957.010776750485,6.67618,nan
4958.483010423414,6.65372,nan
4959.9552440963425,6.49877,nan
4961.427477769271,6.2558,nan
4962.8997114422,6.00504,nan
4964.371945115128,6.03062,nan
4965.8441787880565,6.0892,nan
4967.316412460986,5.88058,nan
4968.788646133914,6.01129,nan
4970.260879806842,6.01692,nan
4971.733113479771,6.00702,nan
4973.2053471527,6.3148,nan
4974.677580825628,6.29273,nan
4976.149814498557,6.10511,nan
4977.622048171485,6.11983,nan
4979.094281844414,6.26907,nan
4980.566515517343,6.40665,nan
4982.038749190271,6.22942,nan
4983.510982863199,6.0601,nan
4984.983216536129,6.16371,nan
4986.455450209057,6.19805,nan
4987.927683881985,6.31728,nan
4989.399917554914,6.58855,nan
4990.872151227843,6.60623,nan
4992.344384900771,6.48749,nan
4993.816618573699,6.37895,nan
4995.288852246628,6.19234,nan
4996.7610859195565,6.11919,nan
4998.233319592485,6.07857,nan
4999.705553265414,6.19336,nan
5001.177786938342,6.15382,nan
5002.6500206112705,6.59608,nan
5004.1222542842,7.37457,nan
5005.594487957128,7.89523,nan
5007.066721630056,7.83879,nan
5008.538955302985,7.1764,nan
5010.011188975914,6.97249,nan
5011.483422648842,6.62337,nan
5012.955656321771,6.29716,nan
5014.427889994699,6.1964,nan
5015.900123667628,6.30255,nan
5017.372357340557,6.27545,nan
5018.844591013485,6.42855,nan
5020.316824686413,6.7083,nan
5021.789058359343,6.47912,nan
5023.261292032271,6.57533,nan
5024.733525705199,6.3432,nan
5026.205759378128,6.28372,nan
5027.677993051057,6.09168,nan
5029.150226723985,6.05879,nan
5030.622460396914,6.47868,nan
5032.094694069842,6.63029,nan
5033.5669277427705,6.32558,nan
5035.0391614157,6.38596,nan
5036.511395088628,6.39602,nan
5037.983628761556,6.25336,nan
5039.455862434485,6.48592,nan
5040.928096107414,6.41183,nan
5042.400329780342,6.3383,nan
5043.872563453271,6.24633,nan
5045.344797126199,6.30901,nan
5046.817030799128,6.34331,nan
5048.289264472057,6.64101,nan
5049.761498144985,6.49771,nan
5051.233731817913,6.27229,nan
5052.705965490843,6.33191,nan
5054.178199163771,6.3305,nan
5055.650432836699,6.44561,nan
5057.122666509628,6.52196,nan
5058.594900182557,6.31437,nan
5060.067133855485,6.27557,nan
5061.539367528414,6.46795,nan
5063.011601201342,6.43363,nan
5064.4838348742705,6.56178,nan
5065.9560685472,6.54479,nan
5067.428302220128,6.26448,nan
5068.900535893056,6.40485,nan
5070.372769565985,6.72393,nan
5071.845003238914,6.65134,nan
5073.317236911842,6.34978,nan
5074.789470584771,6.37847,nan
5076.261704257699,6.43298,nan
5077.733937930628,6.61606,nan
5079.206171603557,6.43313,nan
5080.678405276485,6.52732,nan
5082.150638949413,6.48162,nan
5083.622872622342,6.31315,nan
5085.095106295271,6.28561,nan
5086.567339968199,6.6488,nan
5088.039573641127,6.78013,nan
5089.511807314057,6.51819,nan
5090.984040986985,6.35818,nan
5092.456274659913,6.32827,nan
5093.928508332842,6.37938,nan
5095.400742005771,6.20107,nan
5096.872975678699,6.3444,nan
5098.345209351628,6.31531,nan
5099.817443024556,6.37259,nan
5101.2896766974845,6.32491,nan
5102.761910370414,6.48602,nan
5104.234144043342,6.60154,nan
5105.70637771627,6.48921,nan
5107.178611389199,6.5513,nan
5108.650845062128,6.7641,nan
5110.123078735056,6.41526,nan
5111.595312407985,6.3593,nan
5113.067546080913,6.58016,nan
5114.539779753842,6.47328,nan
5116.012013426771,6.21938,nan
5117.484247099699,6.28091,nan
5118.956480772627,6.40019,nan
5120.428714445557,6.40125,nan
5121.900948118485,6.48493,nan
5123.373181791413,6.53745,nan
5124.845415464342,6.50678,nan
5126.317649137271,6.38351,nan
5127.789882810199,6.48499,nan
5129.262116483128,6.51826,nan
5130.734350156056,6.38966,nan
5132.206583828985,6.28487,nan
5133.678817501914,6.5328,nan
5135.151051174842,6.35982,nan
5136.62328484777,6.40522,nan
5138.095518520699,6.44993,nan
5139.567752193628,6.39539,nan
5141.039985866556,6.35986,nan
5142.512219539485,6.42598,nan
5143.984453212413,6.3605,nan
5145.456686885342,6.20164,nan
5146.928920558271,6.29886,nan
5148.401154231199,6.30665,nan
5149.873387904127,6.11935,nan
5151.345621577057,6.16398,nan
5152.817855249985,6.38485,nan
5154.290088922913,6.17116,nan
5155.762322595842,6.13683,nan
5157.234556268771,6.28501,nan
5158.706789941699,6.24473,nan
5160.179023614628,6.1299,nan
5161.651257287556,5.8392,nan
5163.123490960485,6.04789,nan
5164.595724633414,6.32384,nan
5166.067958306342,6.21807,nan
5167.54019197927,6.04454,nan
5169.012425652199,5.89146,nan
5170.484659325128,5.94124,nan
5171.956892998056,6.03664,nan
5173.429126670985,6.09392,nan
5174.901360343913,5.98782,nan
5176.373594016842,6.0664,nan
5177.84582768977,6.07624,nan
5179.318061362699,6.08128,nan
5180.790295035627,6.10264,nan
5182.262528708556,6.04138,nan
5183.734762381485,5.81048,nan
5185.206996054413,5.95315,nan
5186.679229727341,6.05735,nan
5188.151463400271,6.14453,nan
5189.623697073199,6.25296,nan
5191.095930746127,6.27233,nan
5192.568164419056,6.10365,nan
5194.040398091985,5.87561,nan
5195.512631764913,5.86405,nan
5196.984865437842,5.94785,nan
5198.45709911077,5.84767,nan
5199.929332783699,5.87973,nan
5201.401566456628,5.93179,nan
5202.873800129556,5.96538,nan
5204.346033802484,5.77688,nan
5205.818267475413,5.61354,nan
5207.290501148342,5.71198,nan
5208.76273482127,5.61314,nan
5210.234968494199,5.46755,nan
5211.707202167127,5.66874,nan
5213.179435840056,5.87209,nan
5214.651669512985,6.02271,nan
5216.123903185913,5.90708,nan
5217.596136858841,5.74633,nan
5219.068370531771,5.53722,nan
5220.540604204699,5.61916,nan
5222.012837877627,5.64191,nan
5223.485071550556,5.6496,nan
5224.957305223485,5.54497,nan
5226.429538896413,5.73037,nan
5227.901772569342,5.8494,nan
5229.37400624227,5.99003,nan
5230.846239915199,5.78041,nan
5232.318473588128,5.57567,nan
5233.790707261056,5.79265,nan
5235.262940933984,6.09799,nan
5236.7351746069135,5.83324,nan
5238.207408279842,5.6008,nan
5239.67964195277,5.65084,nan
5241.151875625699,5.73642,nan
5242.624109298627,5.80121,nan
5244.096342971556,5.81392,nan
5245.568576644485,5.74066,nan
5247.040810317413,5.61241,nan
5248.513043990341,5.59745,nan
5249.985277663271,5.63941,nan
5251.457511336199,5.83612,nan
5252.929745009127,5.94246,nan
5254.401978682056,5.75442,nan
5255.874212354985,5.48394,nan
5257.346446027913,5.34035,nan
5258.818679700842,5.54787,nan
5260.29091337377,5.67586,nan
5261.763147046699,5.74935,nan
5263.235380719628,5.83003,nan
5264.707614392556,5.84168,nan
5266.179848065484,6.01492,nan
5267.652081738413,5.98071,nan
5269.124315411342,5.73586,nan
5270.59654908427,5.62587,nan
5272.068782757198,5.57519,nan
5273.5410164301275,5.65941,nan
5275.013250103056,5.75268,nan
5276.485483775984,5.722,nan
5277.957717448913,5.78308,nan
5279.429951121841,5.80067,nan
5280.90218479477,5.57486,nan
5282.374418467699,5.46999,nan
5283.846652140627,5.58861,nan
5285.318885813555,5.78039,nan
5286.791119486485,5.73548,nan
5288.263353159413,5.55762,nan
5289.735586832341,5.44944,nan
5291.20782050527,5.43149,nan
5292.680054178199,5.23768,nan
5294.152287851127,5.36839,nan
5295.624521524056,5.70105,nan
5297.096755196984,5.56976,nan
5298.568988869913,5.60784,nan
5300.041222542842,5.66377,nan
5301.51345621577,5.55793,nan
5302.985689888698,5.60394,nan
5304.4579235616275,5.56515,nan
5305.930157234556,5.47255,nan
5307.402390907484,5.45014,nan
5308.874624580413,5.3961,nan
5310.346858253341,5.5446,nan
5311.81909192627,5.65082,nan
5313.291325599199,5.60221,nan
5314.763559272127,5.59475,nan
5316.235792945055,5.53294,nan
5317.708026617985,5.37558,nan
5319.180260290913,5.35922,nan
5320.652493963841,5.45968,nan
5322.12472763677,5.58247,nan
5323.596961309699,5.54019,nan
5325.069194982627,5.39182,nan
5326.541428655556,5.48526,nan
5328.013662328484,5.61607,nan
5329.485896001413,5.6146,nan
5330.958129674342,5.60951,nan
5332.43036334727,5.60072,nan
5333.902597020198,5.5261,nan
5335.3748306931275,5.44075,nan
5336.847064366056,5.34962,nan
5338.319298038984,5.45158,nan
5339.791531711913,5.47665,nan
5341.2637653848415,5.30846,nan
5342.73599905777,5.39942,nan
5344.208232730699,5.34685,nan
5345.680466403627,5.26143,nan
5347.152700076555,5.22781,nan
5348.624933749485,5.36946,nan
5350.097167422413,5.31517,nan
5351.569401095341,5.31958,nan
5353.04163476827,5.47484,nan
5354.513868441199,5.3177,nan
5355.986102114127,5.42997,nan
5357.458335787055,5.44748,nan
5358.930569459984,5.23096,nan
5360.402803132913,5.04561,nan
5361.875036805841,5.28217,nan
5363.34727047877,5.25352,nan
5364.819504151698,5.12261,nan
5366.291737824627,5.37892,nan
5367.763971497556,5.46457,nan
5369.236205170484,5.30089,nan
5370.708438843412,5.4413,nan
5372.1806725163415,5.12037,nan
5373.65290618927,5.18314,nan
5375.125139862198,5.31951,nan
5376.597373535127,5.53165,nan
5378.0696072080555,5.34137,nan
5379.541840880984,5.30356,nan
5381.014074553913,5.36947,nan
5382.486308226841,5.41258,nan
5383.958541899769,5.16213,nan
5385.430775572699,5.24731,nan
5386.903009245627,5.35681,nan
5388.375242918555,5.2095,nan
5389.847476591484,5.24424,nan
5391.319710264413,5.22879,nan
5392.791943937341,5.21051,nan
5394.26417761027,5.26016,nan
5395.736411283198,5.18556,nan
5397.208644956127,5.12947,nan
5398.680878629056,5.2713,nan
5400.153112301984,5.22267,nan
5401.625345974912,5.05455,nan
5403.0975796478415,5.16882,nan
5404.56981332077,5.37475,nan
5406.042046993698,5.35461,nan
5407.514280666627,5.13818,nan
5408.9865143395555,5.10552,nan
5410.458748012484,5.09659,nan
5411.930981685413,5.03436,nan
5413.403215358341,5.16812,nan
5414.875449031269,5.24671,nan
5416.347682704199,5.32291,nan
5417.819916377127,5.10082,nan
5419.292150050055,5.17799,nan
5420.764383722984,5.23604,nan
5422.236617395913,5.15237,nan
5423.708851068841,4.99111,nan
5425.18108474177,4.84143,nan
5426.653318414698,4.92598,nan
5428.125552087627,5.18124,nan
5429.597785760556,5.30235,nan
5431.070019433484,5.1893,nan
5432.542253106412,5.16882,nan
5434.0144867793415,5.12545,nan
5435.48672045227,5.0129,nan
5436.958954125198,5.22299,nan
5438.431187798127,5.26008,nan
5439.9034214710555,5.18727,nan
5441.375655143984,5.43078,nan
5442.847888816913,5.26669,nan
5444.320122489841,5.11053,nan
5445.7923561627695,4.85719,nan
5447.264589835699,5.04504,nan
5448.736823508627,4.88244,nan
5450.209057181555,4.74967,nan
5451.681290854483,4.72944,nan
5453.153524527413,5.00915,nan
5454.625758200341,5.01485,nan
5456.097991873269,5.03738,nan
5457.570225546198,5.19634,nan
5459.042459219127,5.26962,nan
5460.514692892055,4.96735,nan
5461.986926564984,5.07782,nan
5463.459160237912,4.88572,nan
5464.931393910841,4.82605,nan
5466.40362758377,4.94943,nan
5467.875861256698,5.02006,nan
5469.348094929626,5.39697,nan
5470.8203286025555,5.34595,nan
5472.292562275484,4.79017,nan
5473.764795948412,5.41016,nan
5475.237029621341,5.30033,nan
5476.7092632942695,4.62547,nan
5478.181496967198,4.57106,nan
5479.653730640127,4.52609,nan
5481.125964313055,4.74357,nan
5482.5981979859835,5.16108,nan
5484.070431658913,5.12706,nan
5485.542665331841,4.86657,nan
5487.014899004769,4.76664,nan
5488.487132677698,4.83316,nan
5489.959366350627,4.98813,nan
5491.431600023555,4.95885,nan
5492.903833696484,4.8577,nan
5494.376067369412,4.67601,nan
5495.848301042341,4.84993,nan
5497.32053471527,5.00198,nan
5498.792768388198,4.7818,nan
5500.265002061126,4.77876,nan
5501.7372357340555,4.89661,nan
5503.209469406984,4.88036,nan
5504.681703079912,4.62493,nan
5506.153936752841,5.03333,nan
5507.6261704257695,4.97561,nan
5509.098404098698,4.77912,nan
5510.570637771627,4.83597,nan
5512.042871444555,4.73237,nan
5513.5151051174835,5.04514,nan
5514.987338790413,4.8646,nan
5516.459572463341,4.72675,nan
5517.931806136269,4.88233,nan
5519.404039809198,4.86044,nan
5520.876273482127,4.8685,nan
5522.348507155055,4.84396,nan
5523.820740827984,4.69904,nan
5525.292974500912,4.84473,nan
5526.765208173841,4.97109,nan
5528.23744184677,4.7241,nan
5529.709675519698,4.6004,nan
5531.181909192626,4.85256,nan
5532.6541428655555,4.90847,nan
5534.126376538484,4.63257,nan
5535.598610211412,4.61586,nan
5537.070843884341,4.71375,nan
5538.5430775572695,4.72479,nan
5540.015311230198,4.69856,nan
5541.487544903126,4.75896,nan
5542.959778576055,4.57712,nan
5544.4320122489835,4.48077,nan
5545.904245921912,4.60719,nan
5547.376479594841,4.75489,nan
5548.848713267769,4.84879,nan
5550.3209469406975,4.76703,nan
5551.793180613627,4.64936,nan
5553.265414286555,4.54408,nan
5554.737647959483,4.585,nan
5556.209881632412,4.76078,nan
5557.682115305341,4.77632,nan
5559.154348978269,4.7252,nan
5560.626582651198,4.70859,nan
5562.098816324126,4.66935,nan
5563.571049997055,4.57249,nan
5565.043283669984,4.58681,nan
5566.515517342912,4.61348,nan
5567.98775101584,4.44124,nan
5569.4599846887695,4.47247,nan
5570.932218361698,4.6209,nan
5572.404452034626,4.57151,nan
5573.876685707555,4.689,nan
5575.3489193804835,4.52235,nan
5576.821153053412,4.41858,nan
5578.293386726341,4.71108,nan
5579.765620399269,5.00125,nan
5581.2378540721975,4.8646,nan
5582.710087745127,4.6139,nan
5584.182321418055,4.52764,nan
5585.654555090983,4.49352,nan
5587.126788763912,4.66272,nan
5588.599022436841,4.74911,nan
5590.071256109769,4.65549,nan
5591.543489782698,4.5809,nan
5593.015723455626,4.70649,nan
5594.487957128555,4.70889,nan
5595.960190801484,4.63361,nan
5597.432424474412,4.78031,nan
5598.90465814734,4.79867,nan
5600.3768918202695,4.72053,nan
5601.849125493198,4.68403,nan
5603.321359166126,4.61457,nan
5604.793592839055,4.7247,nan
5606.2658265119835,4.69489,nan
5607.738060184912,4.57241,nan
5609.210293857841,4.57047,nan
5610.682527530769,4.65306,nan
5612.1547612036975,4.55739,nan
5613.626994876627,4.57651,nan
5615.099228549555,4.73358,nan
5616.571462222483,4.66756,nan
5618.043695895412,4.5554,nan
5619.515929568341,4.49641,nan
5620.988163241269,4.68722,nan
5622.460396914198,4.57109,nan
5623.932630587126,4.48715,nan
5625.404864260055,4.75852,nan
5626.877097932984,4.85218,nan
5628.349331605912,4.63892,nan
5629.82156527884,4.67441,nan
5631.2937989517695,4.93281,nan
5632.766032624698,4.81902,nan
5634.238266297626,4.63599,nan
5635.710499970554,4.42372,nan
5637.1827336434835,4.62725,nan
5638.654967316412,4.79665,nan
5640.12720098934,4.63038,nan
5641.599434662269,4.67783,nan
5643.0716683351975,4.65619,nan
5644.543902008126,4.63096,nan
5646.016135681055,4.5994,nan
5647.488369353983,4.50536,nan
5648.9606030269115,4.69638,nan
5650.432836699841,4.48679,nan
5651.905070372769,4.6876,nan
5653.377304045697,4.7076,nan
5654.849537718626,4.83062,nan
5656.321771391555,4.62865,nan
5657.794005064483,4.67738,nan
5659.266238737412,4.74306,nan
5660.73847241034,4.72006,nan
5662.210706083269,4.64212,nan
5663.682939756198,4.52606,nan
5665.155173429126,4.63046,nan
5666.627407102054,4.64311,nan
5668.0996407749835,4.60633,nan
5669.571874447912,4.60589,nan
5671.04410812084,4.50788,nan
5672.516341793769,4.49182,nan
5673.9885754666975,4.60653,nan
5675.460809139626,4.68786,nan
5676.933042812555,4.56558,nan
5678.405276485483,4.54129,nan
5679.8775101584115,4.91436,nan
5681.349743831341,4.93726,nan
5682.821977504269,4.65119,nan
5684.294211177197,4.60816,nan
5685.766444850126,4.62963,nan
5687.238678523055,4.51448,nan
5688.710912195983,4.57166,nan
5690.183145868912,4.44244,nan
5691.65537954184,4.4386,nan
5693.127613214769,4.61041,nan
5694.599846887698,4.73255,nan
5696.072080560626,4.61531,nan
5697.544314233554,4.48174,nan
5699.0165479064835,4.62102,nan
5700.488781579412,4.60175,nan
5701.96101525234,4.71637,nan
5703.433248925269,4.50985,nan
5704.9054825981975,4.33658,nan
5706.377716271126,4.71514,nan
5707.849949944055,4.59416,nan
5709.322183616983,4.62934,nan
5710.7944172899115,4.57117,nan
5712.266650962841,4.62848,nan
5713.738884635769,4.56131,nan
5715.211118308697,4.48368,nan
5716.683351981626,4.39497,nan
5718.155585654555,4.7128,nan
5719.627819327483,4.89561,nan
5721.100053000412,4.90989,nan
5722.57228667334,4.91246,nan
5724.044520346269,4.62668,nan
5725.516754019197,4.42357,nan
5726.988987692126,4.58656,nan
5728.461221365054,4.77233,nan
5729.933455037983,4.8551,nan
5731.405688710912,4.70598,nan
5732.87792238384,4.40361,nan
5734.350156056768,4.46957,nan
5735.8223897296975,4.61897,nan
5737.294623402626,4.84353,nan
5738.766857075554,4.65662,nan
5740.239090748483,4.48174,nan
5741.7113244214115,4.43708,nan
5743.18355809434,4.50209,nan
5744.655791767269,4.46748,nan
5746.128025440197,4.32883,nan
5747.6002591131255,4.48383,nan
5749.072492786055,4.69617,nan
5750.544726458983,4.52813,nan
5752.016960131911,4.30483,nan
5753.48919380484,4.29309,nan
5754.961427477769,4.40647,nan
5756.433661150697,4.31774,nan
5757.905894823626,4.31597,nan
5759.378128496554,4.48194,nan
5760.850362169483,4.59523,nan
5762.322595842412,4.49864,nan
5763.79482951534,4.14384,nan
5765.267063188268,4.12334,nan
5766.7392968611975,4.332,nan
5768.211530534126,4.38945,nan
5769.683764207054,4.36848,nan
5771.155997879983,4.28155,nan
5772.6282315529115,4.32936,nan
5774.10046522584,4.38613,nan
5775.572698898769,4.29039,nan
5777.044932571697,4.41041,nan
5778.5171662446255,4.45105,nan
5779.989399917555,4.35117,nan
5781.461633590483,4.09488,nan
5782.933867263411,3.85259,nan
5784.40610093634,3.95699,nan
5785.878334609269,4.14684,nan
5787.350568282197,4.03486,nan
5788.822801955126,3.9839,nan
5790.295035628054,4.10373,nan
5791.767269300983,4.14973,nan
5793.239502973912,4.21709,nan
5794.71173664684,4.30207,nan
5796.183970319768,4.29178,nan
5797.656203992698,4.31135,nan
5799.128437665626,4.47009,nan
5800.600671338554,4.2053,nan
5802.072905011483,4.11277,nan
5803.5451386844115,4.27392,nan
5805.01737235734,4.27898,nan
5806.489606030269,4.13496,nan
5807.961839703197,4.27056,nan
5809.4340733761255,4.22641,nan
5810.906307049055,4.12568,nan
5812.378540721983,4.06752,nan
5813.850774394911,3.93913,nan
5815.3230080678395,4.2308,nan
5816.795241740769,4.2206,nan
5818.267475413697,3.98943,nan
5819.739709086625,4.00833,nan
5821.211942759554,3.91346,nan
5822.684176432483,4.01343,nan
5824.156410105411,4.04784,nan
5825.62864377834,4.04184,nan
5827.100877451268,4.31717,nan
5828.573111124197,4.34064,nan
5830.045344797126,4.22015,nan
5831.517578470054,4.12286,nan
5832.989812142982,4.11062,nan
5834.462045815912,4.07525,nan
5835.93427948884,4.07662,nan
5837.406513161768,4.04463,nan
5838.878746834697,4.16615,nan
5840.3509805076255,4.10018,nan
5841.823214180554,4.08069,nan
5843.295447853483,3.92344,nan
5844.767681526411,3.96212,nan
5846.2399151993395,4.20144,nan
5847.712148872269,4.06362,nan
5849.184382545197,4.06969,nan
5850.656616218125,4.04682,nan
5852.128849891054,4.1974,nan
5853.601083563983,4.08466,nan
5855.073317236911,4.06487,nan
5856.54555090984,3.9211,nan
5858.017784582768,3.94928,nan
5859.490018255697,4.04891,nan
5860.962251928626,3.88026,nan
5862.434485601554,4.01466,nan
5863.906719274482,4.09714,nan
5865.378952947412,4.26161,nan
5866.85118662034,4.06224,nan
5868.323420293268,3.78164,nan
5869.795653966197,4.08653,nan
5871.267887639126,4.35823,nan
5872.740121312054,4.06918,nan
5874.212354984983,3.96166,nan
5875.684588657911,4.12935,nan
5877.1568223308395,4.2094,nan
5878.629056003769,3.94376,nan
5880.101289676697,3.78747,nan
5881.573523349625,3.98333,nan
5883.045757022554,3.86013,nan
5884.517990695483,3.88938,nan
5885.990224368411,3.97029,nan
5887.46245804134,3.88578,nan
5888.934691714268,3.74534,nan
5890.406925387197,3.8176,nan
5891.879159060126,3.88738,nan
5893.351392733054,3.77593,nan
5894.823626405982,3.6942,nan
5896.295860078912,3.7271,nan
5897.76809375184,3.7906,nan
5899.240327424768,3.78189,nan
5900.712561097697,3.77318,nan
5902.184794770626,3.76447,nan
5903.657028443554,3.75575,nan
5905.129262116483,3.74704,nan
5906.601495789411,3.73833,nan
5908.0737294623395,3.73833,nan
5909.545963135268,3.81511,nan
5911.018196808197,4.01601,nan
5912.490430481125,3.811,nan
5913.9626641540535,3.98447,nan
5915.434897826983,3.91628,nan
5916.907131499911,4.0517,nan
5918.379365172839,4.06928,nan
5919.851598845768,4.03492,nan
5921.323832518697,4.02789,nan
5922.796066191625,3.81742,nan
5924.268299864554,3.77841,nan
5925.740533537482,3.9667,nan
5927.212767210411,3.91378,nan
5928.68500088334,3.9216,nan
5930.157234556268,3.84505,nan
5931.629468229196,3.9673,nan
5933.101701902126,4.094,nan
5934.573935575054,3.93881,nan
5936.046169247982,3.74736,nan
5937.518402920911,3.85645,nan
5938.99063659384,3.70746,nan
5940.462870266768,3.67523,nan
5941.935103939697,3.80642,nan
5943.407337612625,3.82706,nan
5944.8795712855535,3.8477,nan
5946.351804958483,3.86835,nan
5947.824038631411,3.88899,nan
5949.296272304339,3.90963,nan
5950.768505977268,3.93027,nan
5952.240739650197,3.95092,nan
5953.712973323125,3.95092,nan
5955.185206996054,3.89814,nan
5956.657440668982,3.84912,nan
5958.129674341911,3.86184,nan
5959.60190801484,3.78363,nan
5961.074141687768,3.76025,nan
5962.546375360696,3.75204,nan
5964.018609033626,3.87746,nan
5965.490842706554,3.8956,nan
5966.963076379482,3.90508,nan
5968.435310052411,3.93369,nan
5969.90754372534,3.92972,nan
5971.379777398268,3.83162,nan
5972.852011071197,3.84828,nan
5974.324244744125,3.89489,nan
5975.796478417054,3.90222,nan
5977.268712089983,3.88599,nan
5978.740945762911,3.81891,nan
5980.213179435839,3.86151,nan
5981.685413108768,4.0635,nan
5983.157646781697,3.96198,nan
5984.629880454625,3.81253,nan
5986.102114127554,3.95892,nan
5987.574347800482,4.01534,nan
5989.046581473411,3.81721,nan
5990.51881514634,3.7367,nan
5991.991048819268,3.78456,nan
5993.463282492196,3.64764,nan
5994.935516165126,3.71597,nan
5996.407749838054,3.81812,nan
5997.879983510982,3.66924,nan
5999.35221718391,3.69819,nan
6000.82445085684,3.95248,nan
6002.296684529768,3.79958,nan
6003.768918202696,3.74509,nan
6005.241151875625,3.82276,nan
6006.713385548554,3.7087,nan
6008.185619221482,3.8549,nan
6009.657852894411,3.78571,nan
6011.130086567339,3.56712,nan
6012.6023202402675,3.65311,nan
6014.074553913197,3.6908,nan
6015.546787586125,3.64113,nan
6017.019021259053,3.65953,nan
6018.491254931982,3.57498,nan
6019.963488604911,3.56143,nan
6021.435722277839,3.64914,nan
6022.907955950768,3.61034,nan
6024.380189623696,3.64272,nan
6025.852423296625,3.72819,nan
6027.324656969554,3.68571,nan
6028.796890642482,3.68853,nan
6030.26912431541,3.69773,nan
6031.74135798834,3.59113,nan
6033.213591661268,3.50814,nan
6034.685825334196,3.5645,nan
6036.158059007125,3.7113,nan
6037.630292680054,3.74934,nan
6039.102526352982,3.42497,nan
6040.574760025911,3.37964,nan
6042.046993698839,3.63407,nan
6043.519227371768,3.78354,nan
6044.991461044697,3.713,nan
6046.463694717625,3.52472,nan
6047.935928390553,3.59626,nan
6049.408162063482,3.70853,nan
6050.880395736411,3.59059,nan
6052.352629409339,3.49784,nan
6053.824863082268,3.64254,nan
6055.297096755196,3.62005,nan
6056.769330428125,3.53583,nan
6058.241564101054,3.46343,nan
6059.713797773982,3.56259,nan
6061.18603144691,3.71572,nan
6062.65826511984,3.59531,nan
6064.130498792768,3.61801,nan
6065.602732465696,3.59411,nan
6067.074966138625,3.62004,nan
6068.547199811554,3.72739,nan
6070.019433484482,3.41557,nan
6071.491667157411,3.48297,nan
6072.963900830339,3.69343,nan
6074.436134503268,3.49858,nan
6075.908368176197,3.62746,nan
6077.380601849125,3.41516,nan
6078.852835522053,3.54383,nan
6080.3250691949825,3.65353,nan
6081.797302867911,3.56214,nan
6083.269536540839,3.51673,nan
6084.741770213768,3.56884,nan
6086.214003886696,3.56723,nan
6087.686237559625,3.57108,nan
6089.158471232554,3.64887,nan
6090.630704905482,3.64988,nan
6092.10293857841,3.47231,nan
6093.575172251339,3.55873,nan
6095.047405924268,3.49181,nan
6096.519639597196,3.42513,nan
6097.991873270124,3.59101,nan
6099.464106943054,3.70626,nan
6100.936340615982,3.64441,nan
6102.40857428891,3.63533,nan
6103.880807961839,3.63058,nan
6105.353041634768,3.50988,nan
6106.825275307696,3.38377,nan
6108.297508980625,3.4308,nan
6109.769742653553,3.53855,nan
6111.241976326482,3.50704,nan
6112.714209999411,3.74209,nan
6114.186443672339,3.62601,nan
6115.658677345267,3.56236,nan
6117.1309110181965,3.49821,nan
6118.603144691125,3.51862,nan
6120.075378364053,3.47155,nan
6121.547612036982,3.66776,nan
6123.01984570991,3.64378,nan
6124.492079382839,3.54528,nan
6125.964313055768,3.53475,nan
6127.436546728696,3.57885,nan
6128.908780401624,3.61011,nan
6130.381014074554,3.59644,nan
6131.853247747482,3.63972,nan
6133.32548142041,3.409,nan
6134.797715093339,3.64988,nan
6136.269948766268,3.51167,nan
6137.742182439196,3.56962,nan
6139.214416112125,3.65697,nan
6140.686649785053,3.47222,nan
6142.158883457982,3.28968,nan
6143.631117130911,3.46497,nan
6145.103350803839,3.47849,nan
6146.575584476767,3.49381,nan
6148.0478181496965,3.4241,nan
6149.520051822625,3.5199,nan
6150.992285495553,3.83204,nan
6152.464519168482,3.58144,nan
6153.93675284141,3.4559,nan
6155.408986514339,3.5228,nan
6156.881220187268,3.56784,nan
6158.353453860196,3.47005,nan
6159.825687533124,3.34583,nan
6161.297921206054,3.39557,nan
6162.770154878982,3.34569,nan
6164.24238855191,3.32123,nan
6165.714622224839,3.51921,nan
6167.186855897768,3.46028,nan
6168.659089570696,3.47903,nan
6170.131323243625,3.58726,nan
6171.603556916553,3.5398,nan
6173.075790589482,3.39877,nan
6174.548024262411,3.26912,nan
6176.020257935339,3.29692,nan
6177.492491608267,3.33668,nan
6178.9647252811965,3.46883,nan
6180.436958954125,3.38778,nan
6181.909192627053,3.44742,nan
6183.381426299981,3.61632,nan
6184.8536599729105,3.46805,nan
6186.325893645839,3.47632,nan
6187.798127318767,3.5841,nan
6189.270360991696,3.56009,nan
6190.742594664624,3.44083,nan
6192.214828337553,3.33639,nan
6193.687062010482,3.54051,nan
6195.15929568341,3.46672,nan
6196.631529356338,3.41635,nan
6198.103763029268,3.55023,nan
6199.575996702196,3.50183,nan
6201.048230375124,3.44886,nan
6202.520464048053,3.44735,nan
6203.992697720982,3.42659,nan
6205.46493139391,3.43536,nan
6206.937165066839,3.43338,nan
6208.409398739767,3.6949,nan
6209.881632412696,3.56645,nan
6211.353866085625,3.35756,nan
6212.826099758553,3.54652,nan
6214.298333431481,3.63696,nan
6215.7705671044105,3.63577,nan
6217.242800777339,3.6823,nan
6218.715034450267,3.50812,nan
6220.187268123196,3.49402,nan
6221.6595017961245,3.62614,nan
6223.131735469053,3.57342,nan
6224.603969141982,3.6257,nan
6226.07620281491,3.62532,nan
6227.548436487838,3.55571,nan
6229.020670160768,3.51919,nan
6230.492903833696,3.63808,nan
6231.965137506624,3.79214,nan
6233.437371179553,3.6985,nan
6234.909604852482,3.71679,nan
6236.38183852541,3.64097,nan
6237.854072198339,3.53681,nan
6239.326305871267,3.58996,nan
6240.798539544196,3.69584,nan
6242.270773217125,3.8368,nan
6243.743006890053,3.70671,nan
6245.215240562981,3.37075,nan
6246.6874742359105,3.62014,nan
6248.159707908839,3.96067,nan
6249.631941581767,3.67979,nan
6251.104175254696,3.38255,nan
6252.5764089276245,3.54512,nan
6254.048642600553,3.84151,nan
6255.520876273482,3.72368,nan
6256.99310994641,3.52373,nan
6258.4653436193385,3.56909,nan
6259.937577292268,3.58557,nan
6261.409810965196,3.51882,nan
6262.882044638124,3.62492,nan
6264.354278311053,3.64414,nan
6265.826511983982,3.7248,nan
6267.29874565691,3.73797,nan
6268.770979329839,3.60369,nan
6270.243213002767,3.69816,nan
6271.715446675696,3.38406,nan
6273.187680348624,3.68434,nan
6274.659914021553,3.84697,nan
6276.132147694481,3.68318,nan
6277.60438136741,3.80943,nan
6279.076615040339,3.74768,nan
6280.548848713267,3.52099,nan
6282.021082386195,3.57276,nan
6283.4933160591245,3.61305,nan
6284.965549732053,3.75281,nan
6286.437783404981,3.90366,nan
6287.91001707791,3.97178,nan
6289.3822507508385,3.96388,nan
6290.854484423767,3.79338,nan
6292.326718096696,3.722,nan
6293.798951769624,3.7252,nan
6295.271185442552,3.75037,nan
6296.743419115482,3.63455,nan
6298.21565278841,3.70403,nan
6299.687886461338,3.92818,nan
6301.160120134267,3.92745,nan
6302.632353807196,3.64383,nan
6304.104587480124,3.61757,nan
6305.576821153053,3.63188,nan
6307.049054825981,3.58399,nan
6308.52128849891,3.55139,nan
6309.993522171839,3.5998,nan
6311.465755844767,3.75799,nan
6312.937989517695,3.79785,nan
6314.4102231906245,3.6564,nan
6315.882456863553,3.7187,nan
6317.354690536481,3.87551,nan
6318.82692420941,3.86473,nan
6320.2991578823385,3.7387,nan
6321.771391555267,3.7226,nan
6323.243625228196,3.74054,nan
6324.715858901124,3.76307,nan
6326.1880925740525,3.76318,nan
6327.660326246982,3.75092,nan
6329.13255991991,3.65035,nan
6330.604793592838,3.80123,nan
6332.077027265767,3.7612,nan
6333.549260938696,3.7271,nan
6335.021494611624,3.7273,nan
6336.493728284553,3.7614,nan
6337.965961957481,3.81433,nan
6339.43819563041,3.82111,nan
6340.910429303339,3.81673,nan
6342.382662976267,3.72379,nan
6343.854896649195,3.62218,nan
6345.3271303221245,3.74929,nan
6346.799363995053,3.6209,nan
6348.271597667981,3.70783,nan
6349.74383134091,3.64494,nan
6351.2160650138385,3.81138,nan
6352.688298686767,3.56984,nan
6354.160532359696,3.94247,nan
6355.632766032624,3.80731,nan
6357.1049997055525,3.6875,nan
6358.577233378482,3.86656,nan
6360.04946705141,3.82291,nan
6361.521700724338,3.84876,nan
6362.993934397267,3.73463,nan
6364.466168070196,3.81014,nan
6365.938401743124,3.56842,nan
6367.410635416052,3.61189,nan
6368.882869088981,3.83326,nan
6370.35510276191,3.74925,nan
6371.827336434838,3.72905,nan
6373.299570107767,3.87035,nan
6374.771803780695,3.75152,nan
6376.244037453624,3.65093,nan
6377.716271126553,3.82796,nan
6379.188504799481,3.7694,nan
6380.660738472409,3.82403,nan
6382.1329721453385,3.76289,nan
6383.605205818267,3.66137,nan
6385.077439491195,3.79565,nan
6386.549673164124,3.74991,nan
6388.0219068370525,3.69792,nan
6389.494140509981,3.66733,nan
6390.96637418291,3.48726,nan
6392.438607855838,3.44074,nan
6393.9108415287665,3.62801,nan
6395.383075201696,3.50062,nan
6396.855308874624,3.4488,nan
6398.327542547552,3.63659,nan
6399.799776220481,3.57256,nan
6401.27200989341,3.75405,nan
6402.744243566338,3.75243,nan
6404.216477239267,3.62706,nan
6405.688710912195,3.66362,nan
6407.160944585124,3.77903,nan
6408.633178258053,3.76212,nan
6410.105411930981,3.74185,nan
6411.577645603909,3.83542,nan
6413.0498792768385,3.9124,nan
6414.522112949767,3.73003,nan
6415.994346622695,3.6547,nan
6417.466580295624,3.66527,nan
6418.9388139685525,3.61992,nan
6420.411047641481,3.57371,nan
6421.88328131441,3.75787,nan
6423.355514987338,3.66381,nan
6424.8277486602665,3.62958,nan
6426.299982333196,3.65059,nan
6427.772216006124,3.60279,nan
6429.244449679052,3.60552,nan
6430.716683351981,3.72173,nan
6432.18891702491,3.79603,nan
6433.661150697838,3.93417,nan
6435.133384370767,3.93458,nan
6436.605618043695,3.70641,nan
6438.077851716624,3.72912,nan
6439.550085389553,3.78529,nan
6441.022319062481,3.67292,nan
6442.494552735409,3.50203,nan
6443.9667864083385,3.46535,nan
6445.439020081267,3.66189,nan
6446.911253754195,3.66635,nan
6448.383487427124,3.59619,nan
6449.8557211000525,3.77791,nan
6451.327954772981,3.74938,nan
6452.80018844591,3.70274,nan
6454.272422118838,3.82949,nan
6455.7446557917665,3.73487,nan
6457.216889464695,3.50415,nan
6458.689123137624,3.57563,nan
6460.161356810552,3.78491,nan
6461.6335904834805,3.82419,nan
6463.10582415641,3.66136,nan
6464.578057829338,3.59388,nan
6466.050291502266,3.70117,nan
6467.522525175195,3.57948,nan
6468.994758848124,3.53672,nan
6470.466992521052,3.66261,nan
6471.939226193981,3.83413,nan
6473.411459866909,3.78175,nan
6474.883693539838,3.59808,nan
6476.355927212767,3.61804,nan
6477.828160885695,3.68591,nan
6479.300394558623,3.57654,nan
6480.7726282315525,3.70058,nan
6482.244861904481,3.69089,nan
6483.717095577409,3.37782,nan
6485.189329250338,3.65817,nan
6486.6615629232665,3.51973,nan
6488.133796596195,3.68761,nan
6489.606030269124,3.75855,nan
6491.078263942052,3.65658,nan
6492.5504976149805,3.6826,nan
6494.02273128791,3.73569,nan
6495.494964960838,3.65132,nan
6496.967198633766,3.66091,nan
6498.439432306695,3.57706,nan
6499.911665979624,3.49919,nan
6501.383899652552,3.46066,nan
6502.856133325481,3.59184,nan
6504.328366998409,3.64764,nan
6505.800600671338,3.67317,nan
6507.272834344267,3.76567,nan
6508.745068017195,3.69622,nan
6510.217301690123,3.52975,nan
6511.6895353630525,3.57352,nan
6513.161769035981,3.59171,nan
6514.634002708909,3.66137,nan
6516.106236381838,3.64161,nan
6517.5784700547665,3.46761,nan
6519.050703727695,3.50165,nan
6520.522937400624,3.56815,nan
6521.995171073552,3.52477,nan
6523.4674047464805,3.55911,nan
6524.93963841941,3.48155,nan
6526.411872092338,3.39976,nan
6527.884105765266,3.51301,nan
6529.356339438195,3.51992,nan
6530.828573111124,3.32642,nan
6532.300806784052,3.35482,nan
6533.773040456981,3.38852,nan
6535.245274129909,3.40523,nan
6536.717507802838,3.54653,nan
6538.189741475767,3.55018,nan
6539.661975148695,3.34768,nan
6541.134208821623,3.4911,nan
6542.6064424945525,3.49716,nan
6544.078676167481,3.39204,nan
6545.550909840409,3.45896,nan
6547.023143513338,3.6685,nan
6548.4953771862665,3.5972,nan
6549.967610859195,3.64194,nan
6551.439844532123,3.50141,nan
6552.912078205052,3.45317,nan
6554.3843118779805,3.37288,nan
6555.856545550909,3.59941,nan
6557.328779223838,4.23358,nan
6558.801012896766,5.41972,nan
6560.2732465696945,7.19158,nan
6561.745480242624,7.84946,nan
6563.217713915552,6.83582,nan
6564.68994758848,5.02957,nan
6566.162181261409,4.06307,nan
6567.634414934338,3.66208,nan
6569.106648607266,3.4083,nan
6570.578882280195,3.58516,nan
6572.051115953123,3.60892,nan
6573.523349626052,3.70334,nan
6574.995583298981,3.51848,nan
6576.467816971909,3.28673,nan
6577.940050644837,3.47635,nan
6579.4122843177665,3.70336,nan
6580.884517990695,3.93942,nan
6582.356751663623,4.18676,nan
6583.828985336552,4.04894,nan
6585.3012190094805,3.67534,nan
6586.773452682409,3.36922,nan
6588.245686355338,3.31266,nan
6589.717920028266,3.47151,nan
6591.1901537011945,3.4614,nan
6592.662387374124,3.41321,nan
6594.134621047052,3.48485,nan
6595.60685471998,3.39121,nan
6597.079088392909,3.22651,nan
6598.551322065838,3.29979,nan
6600.023555738766,3.43102,nan
6601.495789411695,3.31955,nan
6602.968023084623,3.30041,nan
6604.440256757552,3.41778,nan
6605.912490430481,3.39893,nan
6607.384724103409,3.34404,nan
6608.856957776337,3.27277,nan
6610.329191449267,3.47779,nan
6611.801425122195,3.5031,nan
6613.273658795123,3.2916,nan
6614.745892468052,3.03941,nan
6616.2181261409805,3.16022,nan
6617.690359813909,3.4364,nan
6619.162593486838,3.28519,nan
6620.634827159766,3.23295,nan
6622.1070608326945,3.34959,nan
6623.579294505624,3.36102,nan
6625.051528178552,3.2658,nan
6626.52376185148,3.31584,nan
6627.995995524409,3.36657,nan
6629.468229197338,3.29883,nan
6630.940462870266,3.40481,nan
6632.412696543195,3.32056,nan
6633.884930216123,3.40612,nan
6635.357163889052,3.48225,nan
6636.829397561981,3.40436,nan
6638.301631234909,3.39427,nan
6639.773864907837,3.31939,nan
6641.246098580766,3.40001,nan
6642.718332253695,3.47332,nan
6644.190565926623,3.358,nan
6645.662799599551,3.23252,nan
6647.1350332724805,3.1745,nan
6648.607266945409,3.31132,nan
6650.079500618337,3.2871,nan
6651.551734291266,3.36966,nan
6653.0239679641945,3.38162,nan
6654.496201637123,3.15342,nan
6655.968435310052,3.27325,nan
6657.44066898298,3.33431,nan
6658.9129026559085,3.21102,nan
6660.385136328838,3.17378,nan
6661.857370001766,3.32187,nan
6663.329603674694,3.3327,nan
6664.801837347623,3.15404,nan
6666.274071020552,3.14415,nan
6667.74630469348,3.12836,nan
6669.218538366409,3.24026,nan
6670.690772039337,3.34101,nan
6672.163005712266,3.26544,nan
6673.635239385195,3.24294,nan
6675.107473058123,3.24238,nan
6676.579706731051,3.20057,nan
6678.051940403981,3.26442,nan
6679.524174076909,3.24184,nan
6680.996407749837,3.16636,nan
6682.468641422766,3.2589,nan
6683.9408750956945,3.43707,nan
6685.413108768623,3.29521,nan
6686.885342441552,3.10012,nan
6688.35757611448,3.11127,nan
6689.8298097874085,3.13611,nan
6691.302043460338,3.0353,nan
6692.774277133266,3.19122,nan
6694.246510806194,3.20832,nan
6695.718744479123,3.11957,nan
6697.190978152052,3.3746,nan
6698.66321182498,3.11021,nan
6700.135445497909,2.94448,nan
6701.607679170837,3.0174,nan
6703.079912843766,3.20794,nan
6704.552146516695,3.24822,nan
6706.024380189623,3.08425,nan
6707.496613862551,3.02455,nan
6708.968847535481,3.08735,nan
6710.441081208409,3.08712,nan
6711.913314881337,3.28966,nan
6713.385548554266,3.58293,nan
6714.857782227195,3.91137,nan
6716.330015900123,3.9883,nan
6717.802249573052,3.6021,nan
6719.27448324598,3.08846,nan
6720.7467169189085,3.14155,nan
6722.218950591838,3.17804,nan
6723.691184264766,3.0525,nan
6725.163417937694,3.15579,nan
6726.635651610623,3.39757,nan
6728.107885283552,3.52018,nan
6729.58011895648,3.35805,nan
6731.052352629408,3.45651,nan
6732.524586302337,3.60903,nan
6733.996819975266,3.30421,nan
6735.469053648194,3.10745,nan
6736.941287321123,3.11164,nan
6738.413520994051,2.95705,nan
6739.88575466698,2.92428,nan
6741.357988339909,2.87867,nan
6742.830222012837,2.85965,nan
6744.302455685765,2.89975,nan
6745.774689358695,2.93446,nan
6747.246923031623,2.9392,nan
6748.719156704551,3.05957,nan
6750.19139037748,3.04775,nan
6751.6636240504085,2.93067,nan
6753.135857723337,3.00859,nan
6754.608091396266,3.09219,nan
6756.080325069194,2.94158,nan
6757.5525587421225,2.94764,nan
6759.024792415052,2.83986,nan
6760.49702608798,2.71821,nan
6761.969259760908,2.84147,nan
6763.441493433837,3.05744,nan
6764.913727106766,2.93576,nan
6766.385960779694,2.86608,nan
6767.858194452623,2.86339,nan
6769.330428125551,2.97946,nan
6770.80266179848,3.03429,nan
6772.274895471409,2.97091,nan
6773.747129144337,2.97129,nan
6775.219362817265,2.96191,nan
6776.691596490195,2.88467,nan
6778.163830163123,2.88617,nan
6779.636063836051,2.98339,nan
6781.10829750898,3.07083,nan
6782.580531181909,3.07044,nan
6784.052764854837,3.03905,nan
6785.524998527766,2.96672,nan
6786.997232200694,2.88577,nan
6788.4694658736225,2.96266,nan
6789.941699546552,3.08833,nan
6791.41393321948,2.92913,nan
6792.886166892408,2.98295,nan
6794.358400565337,2.80519,nan
6795.830634238266,2.85454,nan
6797.302867911194,2.95366,nan
6798.775101584123,3.07039,nan
6800.247335257051,3.11745,nan
6801.71956892998,2.87275,nan
6803.191802602909,2.83386,nan
6804.664036275837,2.96679,nan
6806.136269948765,2.82103,nan
6807.608503621695,2.82377,nan
6809.080737294623,2.75857,nan
6810.552970967551,2.65582,nan
6812.02520464048,2.69645,nan
6813.497438313409,2.79064,nan
6814.969671986337,2.87255,nan
6816.441905659266,2.69728,nan
6817.914139332194,2.63301,nan
6819.386373005123,2.73859,nan
6820.858606678052,2.83826,nan
6822.33084035098,2.8258,nan
6823.803074023908,2.75465,nan
6825.2753076968365,2.84475,nan
6826.747541369766,2.86181,nan
6828.219775042694,2.8132,nan
6829.692008715622,2.78166,nan
6831.164242388551,2.79411,nan
6832.63647606148,2.77602,nan
6834.108709734408,2.74301,nan
6835.580943407337,2.75172,nan
6837.053177080265,2.87781,nan
6838.525410753194,2.89066,nan
6839.997644426123,2.88487,nan
6841.469878099051,2.9096,nan
6842.942111771979,3.15036,nan
6844.414345444909,2.83764,nan
6845.886579117837,2.79272,nan
6847.358812790765,2.96641,nan
6848.831046463694,2.89477,nan
6850.303280136623,2.77742,nan
6851.775513809551,2.71539,nan
6853.24774748248,2.69768,nan
6854.719981155408,2.60342,nan
6856.192214828337,2.66259,nan
6857.664448501266,2.70451,nan
6859.136682174194,2.57441,nan
6860.608915847122,2.66905,nan
6862.081149520051,2.83875,nan
6863.55338319298,2.85508,nan
6865.025616865908,2.68009,nan
6866.497850538837,2.55912,nan
6867.970084211765,2.73059,nan
6869.442317884694,2.80572,nan
6870.914551557623,2.7667,nan
6872.386785230551,2.73852,nan
6873.859018903479,2.72412,nan
6875.331252576409,2.74085,nan
6876.803486249337,2.81035,nan
6878.275719922265,2.85099,nan
6879.747953595194,2.68901,nan
6881.220187268123,2.60276,nan
6882.692420941051,2.77951,nan
6884.16465461398,2.79335,nan
6885.636888286908,2.70184,nan
6887.109121959837,2.79793,nan
6888.581355632766,2.94488,nan
6890.053589305694,2.94318,nan
6891.525822978622,2.80157,nan
6892.998056651551,2.82384,nan
6894.47029032448,2.85826,nan
6895.942523997408,2.79011,nan
6897.414757670337,2.79623,nan
6898.886991343265,2.88762,nan
6900.359225016194,2.91865,nan
6901.831458689123,2.79722,nan
6903.303692362051,2.78887,nan
6904.775926034979,2.70111,nan
6906.248159707909,2.63814,nan
6907.720393380837,2.86536,nan
6909.192627053765,2.74626,nan
6910.664860726694,2.64936,nan
6912.137094399623,2.65201,nan
6913.609328072551,2.5452,nan
6915.081561745479,2.7465,nan
6916.553795418408,2.90114,nan
6918.026029091337,2.80215,nan
6919.498262764265,2.72918,nan
6920.970496437194,2.79549,nan
6922.442730110122,2.75461,nan
6923.914963783051,2.98799,nan
6925.38719745598,3.03235,nan
6926.859431128908,2.79295,nan
6928.331664801836,2.80515,nan
6929.803898474765,2.80765,nan
6931.276132147694,2.73576,nan
6932.748365820622,2.82406,nan
6934.220599493551,2.73026,nan
6935.692833166479,2.59996,nan
6937.165066839408,2.60821,nan
6938.637300512337,2.65777,nan
6940.109534185265,2.72626,nan
6941.581767858193,2.87763,nan
6943.054001531123,2.89711,nan
6944.526235204051,2.77639,nan
6945.998468876979,2.86416,nan
6947.470702549908,2.92416,nan
6948.942936222837,2.90708,nan
6950.415169895765,2.89661,nan
6951.887403568694,2.75211,nan
6953.359637241622,2.75629,nan
6954.831870914551,2.83161,nan
6956.30410458748,2.74687,nan
6957.776338260408,2.84576,nan
6959.248571933336,2.88708,nan
6960.7208056062655,2.84551,nan
6962.193039279194,2.86674,nan
6963.665272952122,2.81731,nan
6965.137506625051,2.74561,nan
6966.609740297979,2.67674,nan
6968.081973970908,2.81156,nan
6969.554207643837,2.84054,nan
6971.026441316765,2.84054,nan
6972.498674989693,2.64914,nan
6973.970908662623,2.58955,nan
6975.443142335551,2.55082,nan
6976.915376008479,2.52994,nan
6978.387609681408,2.70156,nan
6979.859843354337,2.75941,nan
6981.332077027265,2.75544,nan
6982.804310700194,2.81937,nan
6984.276544373122,2.7101,nan
6985.748778046051,2.6118,nan
6987.22101171898,2.77855,nan
6988.693245391908,2.71711,nan
6990.165479064836,2.65372,nan
6991.6377127377655,2.86481,nan
6993.109946410694,2.86496,nan
6994.582180083622,2.79154,nan
6996.054413756551,2.70444,nan
6997.526647429479,2.5947,nan
6998.998881102408,2.76799,nan
7000.471114775337,2.90814,nan
7001.943348448265,2.74554,nan
7003.415582121193,2.69757,nan
7004.887815794123,2.62392,nan
7006.360049467051,2.69029,nan
7007.832283139979,2.82715,nan
7009.304516812907,2.86841,nan
7010.776750485837,2.77737,nan
7012.248984158765,2.76962,nan
7013.721217831693,2.67947,nan
7015.193451504622,2.72476,nan
7016.665685177551,2.80507,nan
7018.137918850479,2.74668,nan
7019.610152523408,2.83821,nan
7021.082386196336,2.85832,nan
7022.554619869265,2.74021,nan
7024.026853542194,2.79303,nan
7025.499087215122,2.84142,nan
7026.97132088805,2.75051,nan
7028.4435545609795,2.72712,nan
7029.915788233908,2.70455,nan
7031.388021906836,2.88687,nan
7032.860255579765,2.84024,nan
7034.332489252693,2.49812,nan
7035.804722925622,2.53244,nan
7037.276956598551,2.75058,nan
7038.749190271479,2.71262,nan
7040.221423944407,2.62975,nan
7041.693657617337,2.67663,nan
7043.165891290265,2.56051,nan
7044.638124963193,2.44074,nan
7046.110358636122,2.6395,nan
7047.582592309051,2.75063,nan
7049.054825981979,2.57291,nan
7050.527059654908,2.63952,nan
7051.999293327836,2.66119,nan
7053.471527000765,2.68287,nan
7054.943760673694,2.70455,nan
7056.415994346622,2.72623,nan
7057.88822801955,2.7479,nan
7059.3604616924795,2.7479,nan
7060.832695365408,2.63915,nan
7062.304929038336,2.74866,nan
7063.777162711265,2.70369,nan
7065.2493963841935,2.53918,nan
7066.721630057122,2.62222,nan
7068.193863730051,2.56481,nan
7069.666097402979,2.65759,nan
7071.138331075907,2.58774,nan
7072.610564748837,2.5704,nan
7074.082798421765,2.43316,nan
7075.555032094693,2.40409,nan
7077.027265767622,2.51364,nan
7078.499499440551,2.41554,nan
7079.971733113479,2.52893,nan
7081.443966786408,2.73426,nan
7082.916200459336,2.63653,nan
7084.388434132265,2.58281,nan
7085.860667805194,2.52816,nan
7087.332901478122,2.58228,nan
7088.80513515105,2.56206,nan
7090.2773688239795,2.5478,nan
7091.749602496908,2.65526,nan
7093.221836169836,2.63987,nan
7094.694069842765,2.58968,nan
7096.1663035156935,2.54669,nan
7097.638537188622,2.64976,nan
7099.11077086155,2.80181,nan
7100.583004534479,2.63804,nan
7102.0552382074075,2.6529,nan
7103.527471880336,2.5931,nan
7104.999705553265,2.6333,nan
7106.471939226193,2.58278,nan
7107.944172899121,2.77335,nan
7109.416406572051,2.548,nan
7110.888640244979,2.21637,nan
7112.360873917907,2.28467,nan
7113.833107590836,2.45398,nan
7115.305341263765,2.57708,nan
7116.777574936693,2.56397,nan
7118.249808609622,2.64132,nan
7119.72204228255,2.5774,nan
7121.194275955479,2.31597,nan
7122.666509628408,2.33276,nan
7124.138743301336,2.53734,nan
7125.610976974264,2.65888,nan
7127.0832106471935,2.54481,nan
7128.555444320122,2.46361,nan
7130.02767799305,2.61805,nan
7131.499911665979,2.80384,nan
7132.9721453389075,2.69575,nan
7134.444379011836,2.47423,nan
7135.916612684765,2.62518,nan
7137.388846357693,2.73317,nan
7138.861080030621,2.59674,nan
7140.333313703551,2.47652,nan
7141.805547376479,2.66984,nan
7143.277781049407,2.61824,nan
7144.750014722336,2.49033,nan
7146.222248395265,2.46607,nan
7147.694482068193,2.49046,nan
7149.166715741122,2.58577,nan
7150.63894941405,2.68864,nan
7152.111183086979,2.62694,nan
7153.583416759908,2.54368,nan
7155.055650432836,2.4934,nan
7156.527884105764,2.41057,nan
7158.0001177786935,2.47705,nan
7159.472351451622,2.44722,nan
7160.94458512455,2.36701,nan
7162.416818797479,2.45925,nan
7163.8890524704075,2.4898,nan
7165.361286143336,2.52005,nan
7166.833519816265,2.6252,nan
7168.305753489193,2.47315,nan
7169.7779871621215,2.26402,nan
7171.250220835051,2.37443,nan
7172.722454507979,2.51334,nan
7174.194688180907,2.61929,nan
7175.666921853836,2.5646,nan
7177.139155526765,2.50857,nan
7178.611389199693,2.51085,nan
7180.083622872622,2.51313,nan
7181.55585654555,2.51542,nan
7183.028090218479,2.5177,nan
7184.500323891408,2.51998,nan
7185.972557564336,2.52226,nan
7187.444791237264,2.52226,nan
7188.917024910193,2.4931,nan
7190.389258583122,2.35047,nan
7191.86149225605,2.45514,nan
7193.333725928978,2.50672,nan
7194.8059596019075,2.39249,nan
7196.278193274836,2.44921,nan
7197.750426947764,2.55382,nan
7199.222660620693,2.48343,nan
7200.6948942936215,2.60664,nan
7202.16712796655,2.57517,nan
7203.639361639479,2.40433,nan
7205.111595312407,2.43402,nan
7206.5838289853355,2.41043,nan
7208.056062658265,2.29091,nan
7209.528296331193,2.21004,nan
7211.000530004121,2.27311,nan
7212.47276367705,2.29475,nan
7213.944997349979,2.06032,nan
7215.417231022907,2.12064,nan
7216.889464695836,2.35274,nan
7218.361698368764,2.3582,nan
7219.833932041693,2.28839,nan
7221.306165714622,2.22194,nan
7222.77839938755,2.26025,nan
7224.250633060478,2.33065,nan
7225.7228667334075,2.28244,nan
7227.195100406336,2.30262,nan
7228.667334079264,2.46533,nan
7230.139567752193,2.1645,nan
7231.6118014251215,2.02351,nan
7233.08403509805,2.34997,nan
7234.556268770979,2.34865,nan
7236.028502443907,2.25404,nan
7237.5007361168355,2.34564,nan
7238.972969789765,2.20526,nan
7240.445203462693,2.05977,nan
7241.917437135621,2.1978,nan
7243.38967080855,2.23931,nan
7244.861904481479,2.327,nan
7246.334138154407,2.2985,nan
7247.806371827336,2.23775,nan
7249.278605500264,2.32459,nan
7250.750839173193,2.20266,nan
7252.223072846122,2.25535,nan
7253.69530651905,2.53867,nan
7255.167540191978,2.32907,nan
7256.6397738649075,2.13188,nan
7258.112007537836,2.12399,nan
7259.584241210764,2.22589,nan
7261.056474883693,2.26375,nan
7262.5287085566215,2.31831,nan
7264.00094222955,2.22392,nan
7265.473175902479,2.14485,nan
7266.945409575407,2.07287,nan
7268.4176432483355,2.16614,nan
7269.889876921265,2.20555,nan
7271.362110594193,2.42429,nan
7272.834344267121,2.29204,nan
7274.30657794005,2.18579,nan
7275.778811612979,2.24942,nan
7277.251045285907,2.14524,nan
7278.723278958836,2.07698,nan
7280.195512631764,2.17454,nan
7281.667746304693,2.26533,nan
7283.139979977621,2.18007,nan
7284.61221365055,2.25136,nan
7286.084447323478,2.37015,nan
7287.556680996407,2.46042,nan
7289.028914669336,2.27193,nan
7290.501148342264,2.09412,nan
7291.973382015192,2.13081,nan
7293.4456156881215,2.23557,nan
7294.91784936105,2.28801,nan
7296.390083033978,2.19683,nan
7297.862316706907,2.10177,nan
7299.3345503798355,2.12464,nan
7300.806784052764,2.11822,nan
7302.279017725693,2.16949,nan
7303.751251398621,2.3008,nan
7305.2234850715495,2.27208,nan
7306.695718744479,2.1221,nan
7308.167952417407,2.21643,nan
7309.640186090335,2.20827,nan
7311.112419763264,2.21908,nan
7312.584653436193,2.24986,nan
7314.056887109121,2.06059,nan
7315.52912078205,2.071,nan
7317.001354454978,2.28576,nan
7318.473588127907,2.23768,nan
7319.945821800836,2.07691,nan
7321.418055473764,2.17725,nan
7322.890289146692,2.21644,nan
7324.3625228196215,2.18449,nan
7325.83475649255,2.33049,nan
7327.306990165478,2.28821,nan
7328.779223838407,2.16957,nan
7330.2514575113355,1.99707,nan
7331.723691184264,1.98301,nan
7333.195924857193,2.05523,nan
7334.668158530121,2.06781,nan
7336.1403922030495,2.10711,nan
7337.612625875979,2.06722,nan
7339.084859548907,1.9919,nan
7340.557093221835,1.89,nan
7342.029326894764,1.97524,nan
7343.501560567693,2.11419,nan
7344.973794240621,2.08696,nan
7346.44602791355,2.05218,nan
7347.918261586478,2.05304,nan
7349.390495259407,2.0689,nan
7350.862728932336,2.01318,nan
7352.334962605264,1.88404,nan
7353.807196278192,1.95593,nan
7355.2794299511215,2.0698,nan
7356.75166362405,2.08731,nan
7358.223897296978,2.12871,nan
7359.696130969907,2.15272,nan
7361.1683646428355,2.08285,nan
7362.640598315764,2.13085,nan
7364.112831988693,2.26473,nan
7365.585065661621,2.06946,nan
7367.0572993345495,1.88558,nan
7368.529533007479,1.97208,nan
7370.001766680407,2.07693,nan
7371.474000353335,2.0579,nan
7372.9462340262635,2.08224,nan
7374.418467699193,2.02314,nan
7375.890701372121,1.99298,nan
7377.362935045049,2.14714,nan
7378.835168717978,2.11191,nan
7380.307402390907,1.97758,nan
7381.779636063835,1.91273,nan
7383.251869736764,2.20593,nan
7384.724103409692,2.10031,nan
7386.196337082621,1.98252,nan
7387.66857075555,2.13493,nan
7389.140804428478,2.24146,nan
7390.613038101406,2.03858,nan
7392.0852717743355,1.75071,nan
7393.557505447264,1.84112,nan
7395.029739120192,2.07629,nan
7396.501972793121,2.19654,nan
7397.9742064660495,2.17608,nan
7399.446440138978,2.014,nan
7400.918673811907,1.81951,nan
