MJD,m,dm,uJy,duJy,F,err,chi/N,RA,Dec,x,y,maj,min,phi,apfit,mag5sig,Sky,Obs
60180.060515,-21.139,1.009,-13,13,o,0,1.43,41.57554,-30.23949,7323.29,1975.24,2.11,1.99,-36.0,-0.468,19.45,20.61,03a60180o0714o
60180.062318,22.631,3.889,3,12,o,0,1.25,41.57554,-30.23949,7306.17,1936.79,2.13,2.05,-34.0,-0.464,19.43,20.61,03a60180o0718o
60180.065135,-21.887,1.909,-6,12,o,0,1.37,41.57554,-30.23949,7362.16,2015.79,2.11,1.98,-40.7,-0.467,19.44,20.59,03a60180o0724o
60180.070547,-21.081,1.418,-13,19,o,0,1.29,41.57554,-30.23949,7386.47,1900.46,2.11,2.0,-38.9,-0.465,19.03,20.16,03a60180o0736o
60183.052592,-21.379,1.386,-10,14,o,0,1.34,41.57554,-30.23949,9235.95,1888.77,2.18,2.0,-48.8,-0.426,19.24,20.13,03a60183o0488o
60183.06091,21.326,1.187,11,13,o,0,1.37,41.57554,-30.23949,9220.45,1848.68,2.18,2.0,-39.8,-0.446,19.26,20.21,03a60183o0503o
60183.062713,-21.934,2.173,-6,13,o,0,1.18,41.57554,-30.23949,9275.56,1926.96,2.2,2.01,-47.5,-0.427,19.3,20.24,03a60183o0507o
60183.068153,23.359,9.0,2,15,o,0,1.11,41.57554,-30.23949,9300.6,1811.21,2.22,1.99,-43.7,-0.427,19.3,20.3,03a60183o0519o
60184.251963,-20.238,0.629,-29,18,o,0,1.55,41.57554,-30.23949,6724.59,5942.52,2.34,2.14,-58.0,-0.398,18.79,19.76,04a60184o0501o
60184.255184,20.688,1.134,19,22,o,0,0.95,41.57554,-30.23949,6705.61,5904.22,2.47,2.24,-60.9,-0.381,18.81,19.79,04a60184o0508o
60184.27822,22.132,4.414,5,22,o,0,1.3,41.57554,-30.23949,6767.24,5985.75,2.64,2.43,-57.4,-0.388,18.79,19.88,04a60184o0553o
60184.292668,-20.783,1.125,-18,20,o,0,0.99,41.57554,-30.23949,6793.67,5870.41,2.34,2.14,-53.4,-0.402,18.93,19.94,04a60184o0584o
60187.249337,-21.943,5.564,-6,34,o,0,1.42,41.57554,-30.23949,8842.84,10295.03,2.25,1.91,12.4,-0.495,18.48,18.66,04a60187o0610o
60187.25213,22.144,7.469,5,38,o,0,1.45,41.57554,-30.23949,8822.02,10256.42,2.28,1.93,6.9,-0.487,18.46,18.66,04a60187o0616o
60187.255023,21.613,4.661,8,38,o,0,1.25,41.57554,-30.23949,8884.63,10334.83,2.14,1.73,4.3,-0.55,18.53,18.71,04a60187o0622o
60187.263636,-20.764,1.966,-18,35,o,0,1.21,41.57554,-30.23949,8906.18,10216.97,1.84,1.58,-66.5,-0.58,18.42,18.61,04a60187o0640o
60187.275496,-20.703,1.636,-19,31,o,0,0.69,41.57554,-30.23949,5277.28,128.11,1.95,1.89,-42.6,-0.424,18.49,18.7,04a60187o0665o
60187.277438,-22.362,7.118,-4,29,o,0,1.32,41.57554,-30.23949,5259.88,88.98,1.99,1.95,-64.5,-0.394,18.49,18.7,04a60187o0669o
60187.28073,21.108,1.716,13,22,o,0,1.81,41.57554,-30.23949,5318.17,167.58,2.04,1.96,-66.6,-0.39,18.5,18.69,04a60187o0676o
60187.287479,20.321,1.286,27,35,o,0,1.33,41.57554,-30.23949,5339.42,50.79,1.92,1.89,89.1,-0.412,18.57,18.81,04a60187o0690o
60188.986756,21.618,5.0,8,41,o,0,1.18,41.57554,-30.23949,2509.78,3590.48,3.77,3.23,-64.9,-0.311,17.94,18.69,03a60189o0593o
60188.98956,-19.706,0.538,-48,26,o,0,1.6,41.57554,-30.23949,2490.46,3552.28,2.76,2.45,-55.2,-0.391,18.31,18.81,03a60189o0599o
60188.995969,22.163,6.815,5,34,o,0,0.81,41.57554,-30.23949,2546.29,3631.68,2.79,2.51,-45.7,-0.391,18.34,18.88,03a60189o0613o
60189.006002,-24.586,49.0,0,26,o,0,1.43,41.57554,-30.23949,2571.56,3515.86,2.77,2.49,-61.9,-0.379,18.39,19.0,03a60189o0635o
60201.012423,14.485,0.005,5834,28,c,0,28.83,41.57554,-30.23949,5924.31,7919.87,3.52,2.87,-39.2,-0.331,19.49,21.7,03a60201o0583c
60201.015533,14.475,0.005,5890,28,c,0,30.13,41.57554,-30.23949,5906.15,7880.74,3.25,2.65,-41.1,-0.348,19.53,21.7,03a60201o0589c
60201.020241,14.462,0.005,5960,28,c,0,27.18,41.57554,-30.23949,5965.28,7959.57,3.16,2.6,-42.2,-0.353,19.56,21.67,03a60201o0598c
60201.107767,14.457,0.008,5987,50,c,0,3.82,41.57554,-30.23949,4583.6,2722.78,2.82,2.52,-49.9,-0.379,18.49,20.56,03a60201o0659c
60208.254314,14.499,0.005,5757,29,o,0,37.12,41.57554,-30.23949,605.96,10171.97,2.79,1.99,-72.9,-0.386,19.6,21.22,04a60208o0541o
60208.257506,14.493,0.005,5791,30,o,0,25.91,41.57554,-30.23949,588.06,10131.97,2.9,2.06,-73.4,-0.373,19.58,21.21,04a60208o0548o
60208.260229,14.491,0.005,5805,29,o,0,31.99,41.57554,-30.23949,650.38,10211.99,2.9,2.05,-73.8,-0.378,19.59,21.21,04a60208o0554o
60208.262969,18.725,1.208,118,142,o,0,0.21,41.57554,-30.23949,7232.36,41.74,2.13,2.0,-44.9,-0.458,19.63,21.2,04a60208o0560o
60208.265689,14.492,0.005,5795,30,o,0,43.63,41.57554,-30.23949,673.37,10094.76,2.73,1.99,-72.4,-0.392,19.62,21.19,04a60208o0566o
60209.978366,14.494,0.005,5788,31,o,0,19.53,41.57554,-30.23949,6658.84,10361.74,2.88,2.31,-38.7,-0.393,19.44,20.73,03a60210o0545o
60209.980195,14.506,0.006,5722,32,o,0,14.54,41.57554,-30.23949,6639.76,10322.82,2.71,2.18,-38.2,-0.4,19.45,20.74,03a60210o0549o
60209.980647,14.492,0.005,5795,30,o,0,25.49,41.57554,-30.23949,3464.73,102.82,2.2,2.09,-47.0,-0.375,19.44,20.73,03a60210o0550o
60209.982023,14.487,0.005,5822,30,o,0,18.94,41.57554,-30.23949,6697.46,10402.64,2.85,2.25,-37.3,-0.396,19.44,20.73,03a60210o0553o
60209.982473,14.496,0.005,5774,30,o,0,32.73,41.57554,-30.23949,3445.48,62.94,2.24,2.1,-58.1,-0.384,19.43,20.72,03a60210o0554o
60209.991918,14.5,0.005,5752,31,o,0,21.11,41.57554,-30.23949,3505.62,142.4,2.26,2.09,-35.7,-0.4,19.47,20.79,03a60210o0571o
60209.994251,14.497,0.005,5772,31,o,0,12.82,41.57554,-30.23949,6723.96,10285.52,2.67,2.17,-37.8,-0.398,19.49,20.82,03a60210o0576o
60211.226432,14.485,0.006,5836,37,o,0,34.33,41.57554,-30.23949,3394.2,197.48,2.08,1.76,42.4,-0.405,18.43,19.44,04a60211o0504o
60211.237823,14.483,0.006,5845,34,o,0,44.34,41.57554,-30.23949,3438.68,237.68,2.13,1.85,44.1,-0.407,19.26,20.51,04a60211o0527o
60211.243742,14.493,0.006,5791,34,o,0,31.8,41.57554,-30.23949,3462.31,120.32,1.99,1.78,45.7,-0.434,19.38,20.56,04a60211o0540o
60211.244194,14.467,0.006,5931,35,o,0,135.15,41.57554,-30.23949,6864.5,10400.29,1.97,1.82,-55.2,-0.445,19.37,20.55,04a60211o0541o
60211.249583,14.362,0.006,6536,38,o,0,79.0,41.57554,-30.23949,6846.79,10361.64,2.22,1.93,-63.9,-0.446,19.35,20.63,04a60211o0550o
60211.25149,14.368,0.006,6498,36,o,0,63.65,41.57554,-30.23949,6908.36,10440.15,1.93,1.81,-34.1,-0.481,19.38,20.61,04a60211o0554o
60214.160195,14.556,0.007,5465,40,o,0,4.53,41.57554,-30.23949,1369.83,1723.04,2.92,2.25,43.9,-0.38,18.48,19.29,04a60214o0400o
60214.16253,14.55,0.007,5493,38,o,0,4.77,41.57554,-30.23949,1349.68,1684.18,2.96,2.23,44.2,-0.396,18.48,19.33,04a60214o0405o
60214.165299,14.554,0.007,5473,37,o,0,8.21,41.57554,-30.23949,1408.98,1763.06,2.62,1.96,43.3,-0.416,18.63,19.32,04a60214o0411o
60214.171792,14.562,0.006,5433,34,o,0,11.68,41.57554,-30.23949,1429.82,1647.05,2.59,2.01,45.4,-0.425,18.62,19.34,04a60214o0425o
60215.95598,14.555,0.008,5472,43,o,0,3.2,41.57554,-30.23949,2628.49,5512.94,2.28,2.04,-52.9,-0.411,18.39,18.72,03a60216o0484o
60215.957786,14.573,0.007,5378,36,o,0,5.25,41.57554,-30.23949,2610.23,5473.53,2.27,2.02,-55.7,-0.415,18.39,18.72,03a60216o0488o
60215.971747,14.545,0.007,5520,40,o,0,3.75,41.57554,-30.23949,2670.87,5552.12,2.18,2.0,-56.9,-0.429,18.43,18.74,03a60216o0512o
60215.976996,14.535,0.007,5570,39,o,0,5.39,41.57554,-30.23949,2691.63,5436.76,2.23,2.01,-56.4,-0.436,18.43,18.75,03a60216o0522o
60217.213741,14.567,0.008,5410,42,o,0,3.68,41.57554,-30.23949,2703.33,5627.01,2.23,1.94,87.1,-0.39,18.47,18.77,04a60217o0518o
60217.21655,14.58,0.007,5348,39,o,0,7.31,41.57554,-30.23949,2685.01,5588.24,2.25,2.04,89.2,-0.389,18.48,18.76,04a60217o0524o
60217.219371,14.588,0.007,5307,40,o,0,7.3,41.57554,-30.23949,2747.45,5666.24,2.14,1.95,-89.0,-0.402,18.51,18.76,04a60217o0530o
60217.226198,14.577,0.008,5362,44,o,0,4.37,41.57554,-30.23949,2768.15,5550.99,2.23,2.01,85.4,-0.402,18.51,18.77,04a60217o0545o
60218.978604,14.601,0.007,5244,37,o,0,6.03,41.57554,-30.23949,5423.45,2022.35,2.23,2.14,-39.9,-0.452,18.88,19.51,03a60219o0546o
60218.980869,14.613,0.007,5188,35,o,0,7.02,41.57554,-30.23949,5405.16,1983.95,2.24,2.17,-40.1,-0.447,18.86,19.51,03a60219o0551o
60218.983624,14.613,0.007,5184,36,o,0,6.05,41.57554,-30.23949,5461.4,2063.66,2.26,2.18,-38.4,-0.446,18.87,19.51,03a60219o0557o
60218.990699,14.609,0.007,5206,35,o,0,4.76,41.57554,-30.23949,5485.8,1948.96,2.33,2.24,-15.6,-0.43,18.83,19.4,03a60219o0572o
60221.966563,14.67,0.008,4922,40,o,0,8.6,41.57554,-30.23949,9851.28,7779.23,2.52,2.04,-52.0,-0.394,18.58,19.32,03a60222o0507o
60221.97213,14.676,0.01,4894,47,o,0,3.47,41.57554,-30.23949,9830.65,7741.09,2.63,2.1,-51.0,-0.381,18.34,18.97,03a60222o0517o
60221.976098,14.648,0.009,5020,47,o,0,3.85,41.57554,-30.23949,9889.67,7819.6,2.62,2.21,-54.9,-0.381,18.37,19.09,03a60222o0525o
60221.995605,14.676,0.009,4892,42,o,0,6.42,41.57554,-30.23949,9916.31,7705.74,2.59,2.12,-52.8,-0.384,18.47,19.2,03a60222o0561o
60223.218341,14.981,0.007,3694,25,c,0,27.59,41.57554,-30.23949,10008.73,7727.34,2.86,2.48,-18.2,-0.388,19.64,21.74,04a60223o0510c
60223.220554,15.022,0.007,3557,25,c,0,32.92,41.57554,-30.23949,9988.89,7689.44,2.78,2.43,-29.6,-0.399,19.65,21.73,04a60223o0514c
60223.22404,15.031,0.007,3528,25,c,0,21.85,41.57554,-30.23949,10051.99,7766.88,2.87,2.56,-20.9,-0.385,19.62,21.74,04a60223o0521c
60223.239394,15.019,0.007,3568,25,c,0,31.83,41.57554,-30.23949,10081.89,7651.28,2.77,2.4,-20.1,-0.406,19.61,21.59,04a60223o0550c
60226.1958,14.718,0.006,4708,28,o,0,49.24,41.57554,-30.23949,2607.67,10095.85,2.58,1.86,-76.4,-0.429,19.48,21.04,04a60226o0466o
60226.198981,14.484,0.006,5839,35,o,0,89.57,41.57554,-30.23949,2589.39,10056.49,2.43,1.87,-74.7,-0.474,19.49,21.0,04a60226o0473o
60226.20308,14.735,0.006,4636,28,o,0,55.65,41.57554,-30.23949,2652.49,10135.48,2.36,1.89,-77.6,-0.459,19.55,21.05,04a60226o0482o
60226.221847,14.675,0.006,4896,29,o,0,54.93,41.57554,-30.23949,2687.45,10018.12,2.61,1.79,-76.0,-0.429,19.56,21.15,04a60226o0521o
60227.956667,14.779,0.006,4450,28,o,0,6.8,41.57554,-30.23949,8522.22,3906.17,2.6,2.39,-42.3,-0.423,19.34,20.76,03a60228o0434o
60227.960872,14.771,0.006,4483,26,o,0,12.95,41.57554,-30.23949,8504.11,3867.37,2.37,2.11,-51.2,-0.424,19.45,20.74,03a60228o0442o
60227.964487,14.777,0.006,4458,27,o,0,10.03,41.57554,-30.23949,8560.13,3946.34,2.38,2.24,-56.0,-0.425,19.43,20.71,03a60228o0450o
60227.972191,14.766,0.006,4504,28,o,0,14.5,41.57554,-30.23949,8585.69,3831.49,2.22,2.01,-47.3,-0.449,19.5,20.78,03a60228o0467o
60229.190481,14.799,0.006,4369,27,o,0,31.72,41.57554,-30.23949,8556.12,3876.1,2.46,2.12,-28.7,-0.41,19.5,21.11,04a60229o0454o
60229.192766,14.807,0.006,4339,28,o,0,28.92,41.57554,-30.23949,8537.42,3837.66,2.4,2.0,-22.6,-0.428,19.57,21.15,04a60229o0459o
60229.196532,14.818,0.006,4295,26,o,0,44.4,41.57554,-30.23949,8597.85,3914.63,2.44,2.11,-23.3,-0.413,19.55,21.09,04a60229o0467o
60229.224774,14.784,0.006,4428,26,o,0,45.87,41.57554,-30.23949,8639.19,3800.03,2.46,2.06,-21.7,-0.407,19.55,21.3,04a60229o0526o
60232.190446,14.871,0.006,4090,26,o,0,31.55,41.57554,-30.23949,9226.47,1821.49,2.67,2.21,-32.0,-0.385,19.5,20.94,04a60232o0450o
60232.193715,14.854,0.006,4153,26,o,0,48.42,41.57554,-30.23949,9210.83,1783.41,2.7,2.2,-30.5,-0.386,19.46,21.02,04a60232o0457o
60232.197474,14.878,0.007,4062,28,o,0,25.75,41.57554,-30.23949,9269.79,1859.82,2.77,2.34,-31.8,-0.382,19.5,21.04,04a60232o0465o
60232.203436,14.862,0.006,4123,26,o,0,27.4,41.57554,-30.23949,9294.26,1742.68,2.7,2.21,-33.9,-0.383,19.55,21.08,04a60232o0478o
60233.951086,14.875,0.006,4072,26,o,0,19.79,41.57554,-30.23949,6667.73,5908.49,2.48,2.16,-50.5,-0.41,19.52,21.06,03a60234o0413o
60233.952888,14.872,0.006,4084,25,o,0,26.86,41.57554,-30.23949,6651.22,5871.59,2.49,2.15,-49.6,-0.411,19.52,21.05,03a60234o0417o
60233.97612,14.895,0.006,3999,25,o,0,27.45,41.57554,-30.23949,6715.11,5952.63,2.52,2.04,-52.9,-0.409,19.51,21.01,03a60234o0465o
60233.990507,14.863,0.006,4119,26,o,0,13.46,41.57554,-30.23949,3838.15,4727.42,2.22,2.0,-52.4,-0.427,19.57,21.0,03a60234o0495o
60236.925366,14.93,0.006,3873,25,o,0,23.62,41.57554,-30.23949,5359.62,67.3,2.1,1.93,-39.1,-0.411,19.6,20.95,03a60237o0355o
60236.92921,14.929,0.007,3878,26,o,0,53.47,41.57554,-30.23949,8659.26,10301.58,2.83,2.13,-46.5,-0.451,19.58,20.96,03a60237o0363o
60236.932096,14.916,0.007,3924,27,o,0,37.31,41.57554,-30.23949,8640.73,10262.73,2.71,2.09,-49.7,-0.436,19.59,20.94,03a60237o0369o
60236.934549,14.916,0.007,3921,26,o,0,14.24,41.57554,-30.23949,5400.16,109.29,2.15,1.96,-42.3,-0.398,19.58,20.92,03a60237o0374o
60236.935,14.964,0.007,3754,25,o,0,42.26,41.57554,-30.23949,8701.01,10343.09,2.72,2.06,-48.7,-0.433,19.58,20.92,03a60237o0375o
60236.940451,14.903,0.006,3969,26,o,0,40.87,41.57554,-30.23949,8723.6,10227.83,2.72,2.07,-47.6,-0.446,19.59,20.95,03a60237o0387o
60240.061805,14.943,0.007,3827,27,o,0,13.54,41.57554,-30.23949,6145.27,636.31,2.14,1.92,-46.3,-0.433,19.32,20.39,03a60240o0203o
60240.067032,14.957,0.007,3778,28,o,0,11.01,41.57554,-30.23949,6164.79,676.27,2.14,1.99,-33.3,-0.448,19.33,20.41,03a60240o0214o
60240.077221,14.975,0.007,3716,26,o,0,12.07,41.57554,-30.23949,6108.02,594.67,2.13,1.95,-34.6,-0.429,19.34,20.45,03a60240o0235o
60240.080569,14.945,0.007,3818,27,o,0,8.61,41.57554,-30.23949,6083.98,712.25,2.2,2.03,-40.0,-0.435,19.36,20.47,03a60240o0242o
60241.152486,14.834,0.491,4232,2076,o,0,1.27,41.57554,-30.23949,4609.27,10013.61,2.99,2.09,-75.7,-0.371,14.02,14.2,04a60241o0333o
60241.154302,15.116,0.913,3263,2979,o,0,1.1,41.57554,-30.23949,4590.13,9974.42,2.81,2.01,-77.0,-0.388,14.36,14.33,04a60241o0337o
60241.15958,14.974,0.13,3717,484,o,0,1.17,41.57554,-30.23949,4652.41,10054.37,2.97,2.03,-78.5,-0.385,15.47,15.47,04a60241o0348o
60241.165495,15.561,0.401,2165,869,o,0,0.89,41.57554,-30.23949,4675.02,9938.01,2.61,1.9,-77.4,-0.458,15.89,15.94,04a60241o0361o
60242.888571,14.996,0.008,3645,30,o,0,3.4,41.57554,-30.23949,3749.01,7479.27,2.38,2.11,-50.2,-0.385,18.86,19.4,03a60243o0270o
60242.891349,14.989,0.008,3666,30,o,0,3.77,41.57554,-30.23949,3730.9,7440.53,2.41,2.07,-51.7,-0.389,18.84,19.4,03a60243o0276o
60242.894076,14.987,0.008,3674,30,o,0,4.1,41.57554,-30.23949,3786.85,7519.71,2.41,2.09,-49.3,-0.394,18.85,19.41,03a60243o0282o
60242.913019,14.995,0.008,3648,31,o,0,3.63,41.57554,-30.23949,3812.95,7404.51,2.33,2.02,-55.4,-0.393,18.92,19.46,03a60243o0320o
60244.162176,15.005,0.015,3615,53,o,0,1.84,41.57554,-30.23949,4732.06,4103.83,2.35,2.21,-85.6,-0.409,17.76,18.61,04a60244o0374o
60244.165497,15.015,0.012,3582,44,o,0,3.01,41.57554,-30.23949,4714.39,4065.17,2.37,2.23,-84.6,-0.399,17.66,17.91,04a60244o0381o
60244.168699,15.128,0.088,3226,284,o,0,1.41,41.57554,-30.23949,4774.22,4143.33,2.32,2.19,-73.1,-0.437,15.82,15.89,04a60244o0388o
60247.216978,15.046,0.009,3481,31,o,0,14.48,41.57554,-30.23949,5930.23,4603.33,2.08,1.88,-23.4,-0.482,18.65,19.04,04a60247o0479o
60247.220971,15.072,0.019,3398,63,o,0,2.51,41.57554,-30.23949,5951.48,4638.34,2.12,1.98,-32.3,-0.474,17.81,18.05,04a60247o0487o
60247.227757,15.042,0.019,3492,65,o,0,1.89,41.57554,-30.23949,5894.34,4554.47,2.13,1.99,-27.9,-0.464,17.79,17.86,04a60247o0501o
60247.251581,15.04,0.013,3499,46,o,0,3.76,41.57554,-30.23949,5875.98,4648.96,2.07,1.95,-43.8,-0.458,18.12,19.0,04a60247o0549o
60248.944881,15.05,0.009,3467,30,o,0,5.25,41.57554,-30.23949,7026.6,8507.88,2.48,2.05,-43.7,-0.411,19.0,19.71,03a60249o0381o
60248.974641,15.066,0.009,3417,32,o,0,3.72,41.57554,-30.23949,7040.1,8547.74,2.58,2.14,-46.7,-0.406,18.84,19.5,03a60249o0444o
60248.977808,15.051,0.009,3463,30,o,0,4.8,41.57554,-30.23949,6985.73,8468.69,2.5,2.1,-44.1,-0.408,18.9,19.51,03a60249o0451o
60248.983367,15.029,0.009,3536,31,o,0,5.76,41.57554,-30.23949,6965.42,8584.25,2.59,2.16,-47.5,-0.402,18.86,19.55,03a60249o0463o
60252.09039,15.098,0.008,3318,28,o,0,6.36,41.57554,-30.23949,9989.77,7021.28,3.11,2.37,-50.9,-0.372,19.03,20.16,03a60252o0379o
60252.106206,-19.927,0.632,-39,24,o,0,0.84,41.57554,-30.23949,38.14,6812.82,3.17,2.75,-61.2,-0.361,18.83,19.75,03a60252o0411o
60253.186582,15.035,0.007,3515,26,o,0,29.04,41.57554,-30.23949,10141.5,6901.81,2.59,2.22,-10.8,-0.445,19.46,20.95,04a60253o0336o
60253.189786,15.081,0.008,3371,26,o,0,25.55,41.57554,-30.23949,10161.32,6937.81,2.64,2.08,-4.6,-0.383,19.5,20.95,04a60253o0343o
60253.199586,15.103,0.008,3302,25,o,0,36.72,41.57554,-30.23949,10104.54,6848.98,2.62,2.09,0.1,-0.408,19.48,20.94,04a60253o0362o
60253.201894,15.122,0.007,3246,24,o,0,4.55,41.57554,-30.23949,240.24,6894.88,2.62,2.15,82.9,-0.368,19.44,20.97,04a60253o0367o
60253.204764,15.112,0.007,3275,24,o,0,6.24,41.57554,-30.23949,261.39,6930.26,2.62,2.16,81.9,-0.367,19.45,20.96,04a60253o0373o
60253.209704,15.107,0.008,3291,25,o,0,12.09,41.57554,-30.23949,10088.47,6956.49,2.81,2.53,-20.8,-0.404,19.33,20.95,04a60253o0383o
60253.210605,15.138,0.008,3197,25,o,0,3.33,41.57554,-30.23949,205.23,6848.3,2.7,2.31,89.3,-0.358,19.38,20.96,04a60253o0385o
60256.185353,15.093,0.008,3333,26,o,0,22.17,41.57554,-30.23949,4097.66,6640.79,1.98,1.89,-41.0,-0.426,19.5,20.95,04a60256o0350o
60256.21521,15.111,0.008,3277,26,o,0,30.29,41.57554,-30.23949,4123.79,6649.19,1.91,1.73,-72.9,-0.419,19.53,20.89,04a60256o0414o
60256.21802,15.109,0.007,3283,24,o,0,41.57,41.57554,-30.23949,4065.41,6570.89,1.89,1.82,-62.7,-0.439,19.53,20.82,04a60256o0420o
60256.225357,15.124,0.008,3240,24,o,0,40.9,41.57554,-30.23949,4046.53,6680.05,1.94,1.86,-47.3,-0.436,19.49,20.83,04a60256o0436o
60257.927359,15.679,0.009,1942,18,c,0,6.32,41.57554,-30.23949,10150.9,588.49,2.64,2.3,-49.2,-0.419,19.81,21.9,03a60258o0328c
60257.930536,15.748,0.01,1823,18,c,0,5.23,41.57554,-30.23949,10170.36,629.05,2.66,2.33,-48.7,-0.411,19.79,21.9,03a60258o0335c
60257.93642,15.733,0.011,1848,20,c,0,4.0,41.57554,-30.23949,10111.91,547.9,2.62,2.31,-48.8,-0.425,19.76,21.91,03a60258o0347c
60257.939197,15.743,0.009,1831,17,c,0,4.39,41.57554,-30.23949,3252.07,10512.1,2.74,2.41,-47.7,-0.374,19.82,21.9,03a60258o0353c
60257.971265,15.729,0.01,1855,19,c,0,4.99,41.57554,-30.23949,10087.43,664.64,2.55,2.18,-52.1,-0.429,19.84,21.92,03a60258o0420c
60259.182686,15.118,0.008,3258,26,o,0,17.16,41.57554,-30.23949,10171.03,464.89,3.12,2.5,-27.1,-0.344,19.35,20.99,04a60259o0340o
60259.185884,15.147,0.009,3172,27,o,0,12.99,41.57554,-30.23949,10191.4,501.75,3.26,2.62,-31.5,-0.312,19.37,21.01,04a60259o0347o
60259.191468,15.148,0.008,3167,26,o,0,16.65,41.57554,-30.23949,10131.77,416.5,3.14,2.5,-31.2,-0.332,19.38,21.02,04a60259o0359o
60259.226415,15.14,0.008,3191,26,o,0,14.59,41.57554,-30.23949,10113.86,508.0,3.27,2.41,-28.7,-0.344,19.43,21.05,04a60259o0430o
60260.855701,15.725,0.01,1863,18,c,0,4.34,41.57554,-30.23949,3469.33,103.84,2.47,2.33,-66.7,-0.363,19.69,21.65,03a60261o0173c
60260.856602,15.781,0.011,1768,19,c,0,4.08,41.57554,-30.23949,6661.45,10365.0,2.97,2.48,-41.9,-0.374,19.7,21.66,03a60261o0175c
60260.858888,15.756,0.01,1809,19,c,0,3.13,41.57554,-30.23949,3450.78,64.36,2.5,2.41,-57.4,-0.353,19.69,21.68,03a60261o0180c
60260.859789,15.774,0.01,1780,19,c,0,3.27,41.57554,-30.23949,6641.74,10326.04,2.92,2.54,-48.0,-0.371,19.67,21.7,03a60261o0182c
60260.861631,15.753,0.01,1815,19,c,0,3.32,41.57554,-30.23949,3508.3,146.12,2.38,2.28,-51.8,-0.364,19.76,21.69,03a60261o0186c
60260.863451,15.764,0.011,1797,20,c,0,3.0,41.57554,-30.23949,6701.55,10406.25,2.82,2.42,-47.1,-0.375,19.75,21.7,03a60261o0190c
60260.886268,23.38,5.273,2,8,c,0,1.05,41.57554,-30.23949,3540.74,31.32,2.52,2.39,-47.0,-0.366,19.73,21.79,03a60261o0235c
60260.886719,15.738,0.011,1841,20,c,0,2.74,41.57554,-30.23949,6730.34,10291.73,2.83,2.43,-44.7,-0.379,19.77,21.8,03a60261o0236c
60262.180428,15.198,0.008,3026,23,o,0,13.63,41.57554,-30.23949,2051.32,4816.15,2.22,1.92,76.8,-0.41,19.45,20.95,04a60262o0323o
60262.18378,15.184,0.008,3065,24,o,0,7.17,41.57554,-30.23949,2072.55,4851.36,2.16,1.94,74.4,-0.408,19.51,20.95,04a60262o0330o
60262.190514,15.182,0.007,3070,23,o,0,9.0,41.57554,-30.23949,2015.08,4769.44,2.16,1.96,74.7,-0.403,19.49,21.06,04a60262o0343o
60262.226115,15.18,0.008,3077,24,o,0,7.28,41.57554,-30.23949,1998.91,4855.44,2.06,1.82,76.6,-0.409,19.49,21.02,04a60262o0417o
60265.155274,14.865,0.009,4111,37,o,0,66.66,41.57554,-30.23949,9338.12,8920.55,2.47,1.88,1.2,-0.445,19.35,20.79,04a60265o0273o
60265.158909,15.091,0.008,3338,28,o,0,44.01,41.57554,-30.23949,9358.88,8956.01,2.39,2.06,6.3,-0.448,19.37,20.71,04a60265o0281o
60265.172401,15.059,0.008,3439,28,o,0,29.01,41.57554,-30.23949,9302.87,8864.56,2.49,2.15,7.6,-0.464,19.42,20.81,04a60265o0309o
60265.17751,15.114,0.009,3269,28,o,0,22.33,41.57554,-30.23949,9283.6,8976.22,2.38,2.05,4.8,-0.438,19.44,20.83,04a60265o0320o
60268.157767,15.229,0.009,2940,25,o,0,12.47,41.57554,-30.23949,5320.57,8564.09,2.54,2.0,-73.9,-0.423,19.26,20.51,04a60268o0268o
60268.160683,15.159,0.009,3136,28,o,0,21.62,41.57554,-30.23949,5341.72,8600.07,2.11,1.9,-53.4,-0.421,19.35,20.55,04a60268o0274o
60268.165971,15.039,0.009,3504,30,o,0,11.68,41.57554,-30.23949,5285.37,8517.62,2.4,1.9,-72.7,-0.45,19.33,20.6,04a60268o0285o
60268.201167,15.116,0.009,3262,28,o,0,23.9,41.57554,-30.23949,5268.92,8604.59,2.21,1.94,-70.6,-0.45,19.33,20.65,04a60268o0360o
60269.813994,15.261,0.009,2854,27,o,0,5.87,41.57554,-30.23949,7881.34,7852.05,2.74,2.19,-45.4,-0.397,18.97,19.82,03a60270o0073o
60269.819412,15.241,0.01,2908,28,o,0,4.33,41.57554,-30.23949,7864.93,7810.52,2.62,2.15,-48.0,-0.4,18.99,19.85,03a60270o0083o
60269.821238,15.24,0.009,2911,28,o,0,7.14,41.57554,-30.23949,7922.27,7889.55,2.64,2.13,-45.2,-0.402,19.02,19.87,03a60270o0087o
60269.826696,15.238,0.01,2916,28,o,0,3.77,41.57554,-30.23949,7945.14,7773.99,2.71,2.24,-44.0,-0.4,18.97,19.87,03a60270o0099o
60272.910911,15.262,0.011,2853,32,o,0,1.65,41.57554,-30.23949,702.1,2778.03,2.51,2.15,-68.7,-0.377,18.63,19.16,03a60273o0273o
60272.914096,15.278,0.012,2810,34,o,0,2.28,41.57554,-30.23949,722.93,2817.54,2.54,2.28,-72.1,-0.369,18.61,19.17,03a60273o0280o
60272.919312,15.26,0.012,2859,34,o,0,2.67,41.57554,-30.23949,662.73,2739.29,2.56,2.21,-69.5,-0.376,18.59,19.19,03a60273o0291o
60272.930492,15.242,0.012,2906,36,o,0,1.64,41.57554,-30.23949,640.45,2854.59,2.5,2.15,-70.3,-0.372,18.49,18.96,03a60273o0314o
60274.156872,15.274,0.012,2822,34,o,0,5.02,41.57554,-30.23949,9992.36,4930.82,2.75,2.12,-11.5,-0.397,18.55,18.97,04a60274o0286o
60274.159253,15.28,0.013,2804,37,o,0,2.08,41.57554,-30.23949,93.71,4942.45,2.46,2.05,67.5,-0.34,18.53,18.98,04a60274o0291o
60274.159703,15.237,0.013,2919,39,o,0,3.94,41.57554,-30.23949,10009.31,4968.33,2.83,2.25,-17.9,-0.387,18.48,18.98,04a60274o0292o
60274.162419,15.288,0.012,2784,35,o,0,2.98,41.57554,-30.23949,114.16,4977.6,2.59,2.2,60.7,-0.339,18.51,18.98,04a60274o0298o
60274.165194,15.276,0.013,2815,37,o,0,5.36,41.57554,-30.23949,9950.93,4884.67,2.69,2.19,-14.8,-0.401,18.53,18.98,04a60274o0304o
60274.168377,15.192,0.013,3044,41,o,0,4.03,41.57554,-30.23949,55.34,4895.76,2.48,2.07,72.0,-0.345,18.57,18.99,04a60274o0311o
60274.175149,14.973,0.013,3724,49,o,0,8.97,41.57554,-30.23949,9930.82,4993.83,2.61,2.08,-15.2,-0.445,18.55,18.97,04a60274o0324o
60274.17877,-19.534,0.729,-56,41,o,0,1.25,41.57554,-30.23949,35.68,5003.75,2.51,2.07,59.9,-0.358,18.54,18.94,04a60274o0331o
60275.892648,15.274,0.011,2821,32,o,0,1.86,41.57554,-30.23949,8141.87,615.05,2.4,2.14,-56.2,-0.403,18.67,19.23,03a60276o0255o
60275.895838,15.29,0.012,2780,33,o,0,1.65,41.57554,-30.23949,8160.06,654.44,2.46,2.23,-57.1,-0.407,18.61,19.23,03a60276o0262o
60275.90098,15.319,0.011,2706,29,o,0,2.78,41.57554,-30.23949,8102.3,574.59,2.45,2.2,-51.8,-0.4,18.61,19.23,03a60276o0273o
60275.911492,15.295,0.012,2767,33,o,0,2.45,41.57554,-30.23949,8077.45,690.38,2.5,2.2,-54.0,-0.402,18.62,19.2,03a60276o0294o
60277.157546,15.286,0.01,2789,28,o,0,8.26,41.57554,-30.23949,8180.6,556.26,2.62,2.12,-35.6,-0.396,18.97,19.81,04a60277o0251o
60277.163113,15.292,0.011,2775,30,o,0,4.75,41.57554,-30.23949,8120.58,471.59,2.71,2.18,-36.1,-0.367,18.98,19.75,04a60277o0262o
60278.903046,15.281,0.008,2803,24,o,0,4.86,41.57554,-30.23949,2028.34,6658.6,2.23,1.95,-58.6,-0.422,19.32,20.26,03a60279o0248o
60278.905913,15.304,0.009,2743,24,o,0,5.56,41.57554,-30.23949,2047.66,6697.32,2.22,1.96,-56.1,-0.428,19.27,20.23,03a60279o0254o
60278.912338,15.301,0.009,2751,24,o,0,6.87,41.57554,-30.23949,1991.13,6618.65,2.22,1.98,-59.5,-0.432,19.27,20.18,03a60279o0268o
60278.922224,15.294,0.008,2768,23,o,0,7.14,41.57554,-30.23949,1967.65,6734.71,2.24,2.02,-56.8,-0.421,19.25,20.14,03a60279o0288o
60280.089397,15.319,0.005,2706,13,o,0,22.88,41.57554,-30.23949,9246.41,1819.63,2.94,2.34,-26.0,-0.349,20.21,21.02,04a60280o0037o
60280.093527,15.326,0.005,2690,13,o,0,25.51,41.57554,-30.23949,9232.47,1781.11,2.91,2.27,-23.2,-0.348,20.23,21.05,04a60280o0040o
60280.097876,15.334,0.005,2668,12,o,0,31.25,41.57554,-30.23949,9292.0,1856.58,3.07,2.24,-24.1,-0.344,20.19,21.03,04a60280o0043o
60281.796649,15.315,0.008,2718,23,o,0,9.06,41.57554,-30.23949,9226.53,1858.6,2.35,2.02,-58.2,-0.425,19.36,20.54,03a60282o0018o
60281.798923,15.362,0.009,2601,24,o,0,10.9,41.57554,-30.23949,9210.82,1820.07,2.36,1.97,-55.3,-0.429,19.38,20.6,03a60282o0023o
60281.802089,15.342,0.009,2650,24,o,0,8.65,41.57554,-30.23949,9265.31,1898.86,2.33,1.97,-53.2,-0.427,19.43,20.65,03a60282o0030o
60281.808933,15.319,0.008,2706,23,o,0,11.25,41.57554,-30.23949,9291.47,1783.64,2.32,1.99,-59.1,-0.432,19.42,20.68,03a60282o0045o
60283.070149,15.361,0.005,2604,12,o,0,24.67,41.57554,-30.23949,9237.48,1818.65,2.96,2.31,-21.7,-0.366,20.06,20.89,04a60283o0022o
60283.074319,15.365,0.005,2595,12,o,0,25.79,41.57554,-30.23949,9223.75,1780.77,2.99,2.31,-21.2,-0.36,20.06,20.91,04a60283o0025o
60283.078449,15.355,0.005,2617,13,o,0,25.77,41.57554,-30.23949,9282.63,1858.06,2.99,2.28,-22.6,-0.358,20.09,20.95,04a60283o0028o
60284.894407,15.358,0.008,2611,22,o,0,5.88,41.57554,-30.23949,3896.0,4665.67,2.32,2.1,-57.1,-0.407,19.55,21.14,03a60285o0226o
60284.897268,15.373,0.008,2575,21,o,0,4.62,41.57554,-30.23949,3913.05,4704.46,2.42,2.21,-61.1,-0.401,19.52,21.17,03a60285o0232o
60284.902944,15.386,0.008,2546,21,o,0,7.05,41.57554,-30.23949,3856.82,4626.12,2.39,2.21,-59.0,-0.406,19.52,21.15,03a60285o0244o
60284.913675,15.371,0.009,2581,22,o,0,4.52,41.57554,-30.23949,3837.57,4740.71,2.54,2.3,-59.0,-0.395,19.45,21.09,03a60285o0267o
60286.062295,15.447,0.005,2406,12,o,0,57.06,41.57554,-30.23949,5307.76,111.89,2.32,2.16,13.4,-0.416,20.17,21.03,04a60286o0053o
60286.063671,15.161,0.005,3130,16,o,0,32.69,41.57554,-30.23949,8881.85,10283.85,2.79,2.57,69.1,-0.409,20.17,21.05,04a60286o0054o
60286.066424,15.358,0.005,2611,14,o,0,44.91,41.57554,-30.23949,5290.89,72.78,2.27,2.14,14.9,-0.425,20.2,21.09,04a60286o0056o
60286.067801,15.148,0.005,3169,17,o,0,31.89,41.57554,-30.23949,8864.99,10244.98,2.72,2.48,24.4,-0.438,20.15,21.09,04a60286o0057o
60286.070554,15.429,0.005,2445,12,o,0,20.62,41.57554,-30.23949,5352.39,151.45,2.43,2.18,13.7,-0.394,20.17,21.09,04a60286o0059o
60286.073308,15.139,0.005,3194,15,o,0,51.03,41.57554,-30.23949,8930.92,10323.65,2.66,2.5,29.1,-0.445,20.16,21.11,04a60286o0061o
60289.062273,15.418,0.005,2471,12,o,0,10.03,41.57554,-30.23949,2557.2,3688.88,2.38,2.18,36.6,-0.398,20.16,21.09,04a60289o0014o
60289.066409,15.424,0.005,2456,12,o,0,12.84,41.57554,-30.23949,2543.64,3649.97,2.39,2.16,37.0,-0.395,20.14,21.11,04a60289o0017o
60289.070538,15.422,0.005,2461,12,o,0,18.21,41.57554,-30.23949,2605.97,3729.0,2.31,2.19,38.3,-0.395,20.16,21.09,04a60289o0020o
60290.05819,15.201,0.005,3016,15,o,0,33.12,41.57554,-30.23949,4633.36,10009.9,2.77,2.29,-71.8,-0.443,20.14,21.14,04a60290o0010o
60290.062325,15.203,0.005,3012,14,o,0,33.89,41.57554,-30.23949,4617.33,9970.87,2.83,2.22,-73.9,-0.419,20.12,21.12,04a60290o0013o
60290.06646,15.389,0.005,2538,13,o,0,27.83,41.57554,-30.23949,4680.44,10049.8,2.82,2.19,-74.8,-0.409,20.17,21.14,04a60290o0016o
60290.877824,15.448,0.01,2404,24,o,0,2.41,41.57554,-30.23949,6157.51,655.88,2.63,2.36,-56.8,-0.413,19.39,21.11,03a60291o0186o
60290.88117,15.442,0.01,2417,24,o,0,2.3,41.57554,-30.23949,6175.71,694.8,2.75,2.47,-58.9,-0.407,19.37,21.12,03a60291o0193o
60290.886733,15.442,0.009,2418,23,o,0,4.57,41.57554,-30.23949,6116.96,613.78,2.73,2.42,-58.6,-0.408,19.36,21.08,03a60291o0205o
60290.89659,15.443,0.009,2415,23,o,0,3.09,41.57554,-30.23949,6092.67,730.06,2.58,2.35,-54.3,-0.417,19.4,21.08,03a60291o0226o
60291.867812,15.454,0.009,2390,21,o,0,5.39,41.57554,-30.23949,6813.05,3105.32,2.48,2.17,-54.4,-0.42,19.47,21.09,03a60292o0164o
60291.870746,15.457,0.009,2384,22,o,0,5.44,41.57554,-30.23949,6831.69,3144.56,2.46,2.13,-54.7,-0.423,19.51,21.12,03a60292o0170o
60291.875914,15.435,0.009,2432,22,o,0,4.03,41.57554,-30.23949,6775.6,3065.36,2.49,2.14,-50.9,-0.418,19.51,21.16,03a60292o0181o
60291.887558,15.423,0.009,2459,22,o,0,3.57,41.57554,-30.23949,6753.45,3181.54,2.35,2.09,-56.2,-0.431,19.59,21.23,03a60292o0206o
60293.114037,15.476,0.009,2342,21,o,0,7.67,41.57554,-30.23949,6877.63,3031.75,2.41,2.13,-34.8,-0.409,19.38,21.15,04a60293o0100o
60293.117758,15.455,0.01,2389,23,o,0,4.46,41.57554,-30.23949,6897.45,3067.02,2.26,2.04,-38.3,-0.419,19.42,21.22,04a60293o0108o
60293.125078,15.461,0.009,2376,22,o,0,8.0,41.57554,-30.23949,6839.33,2983.49,2.29,2.09,-29.0,-0.418,19.47,21.29,04a60293o0124o
60293.134924,15.465,0.01,2366,23,o,0,4.37,41.57554,-30.23949,6819.5,3093.46,2.31,2.07,-31.0,-0.413,19.42,21.2,04a60293o0145o
60294.135832,15.441,0.01,2419,24,o,0,10.67,41.57554,-30.23949,6023.01,6487.33,2.18,1.98,-65.4,-0.421,19.37,21.02,04a60294o0176o
60294.139071,15.43,0.01,2444,24,o,0,12.49,41.57554,-30.23949,6043.2,6523.93,2.05,1.93,-47.2,-0.418,19.38,20.96,04a60294o0183o
60294.167259,15.428,0.01,2447,24,o,0,13.02,41.57554,-30.23949,5986.18,6433.64,1.96,1.81,-35.9,-0.437,19.35,20.74,04a60294o0242o
60294.196253,15.403,0.009,2504,23,o,0,15.27,41.57554,-30.23949,5958.08,6542.51,2.17,1.91,-68.2,-0.41,19.19,20.6,04a60294o0303o
60294.840318,15.491,0.009,2309,22,o,0,8.42,41.57554,-30.23949,5879.0,6551.63,2.43,2.14,-55.1,-0.409,19.49,20.97,03a60295o0098o
60294.843484,15.506,0.009,2278,21,o,0,10.02,41.57554,-30.23949,5896.83,6590.95,2.44,2.13,-55.5,-0.405,19.49,20.95,03a60295o0105o
60294.849399,15.496,0.009,2299,21,o,0,8.24,41.57554,-30.23949,5841.1,6512.16,2.43,2.14,-53.4,-0.406,19.49,20.94,03a60295o0117o
60294.859616,15.498,0.009,2294,21,o,0,8.27,41.57554,-30.23949,5818.05,6627.42,2.39,2.12,-55.7,-0.403,19.43,20.93,03a60295o0139o
60295.851067,15.506,0.009,2278,22,o,0,6.35,41.57554,-30.23949,5834.46,4622.46,2.45,2.12,-58.1,-0.414,19.42,20.79,03a60296o0120o
60295.854299,15.519,0.01,2252,21,o,0,7.13,41.57554,-30.23949,5852.79,4662.06,2.35,2.11,-58.5,-0.417,19.41,20.79,03a60296o0127o
60295.859828,15.523,0.01,2244,22,o,0,5.19,41.57554,-30.23949,5798.7,4583.47,2.36,2.15,-58.3,-0.408,19.39,20.78,03a60296o0139o
60295.870493,15.512,0.01,2265,22,o,0,5.87,41.57554,-30.23949,5775.05,4697.42,2.36,2.16,-61.4,-0.408,19.41,20.76,03a60296o0161o
60297.101465,15.559,0.012,2170,26,o,0,3.97,41.57554,-30.23949,5930.5,4575.6,2.34,2.14,-52.9,-0.423,19.03,20.29,04a60297o0109o
60297.104664,15.55,0.012,2189,26,o,0,4.49,41.57554,-30.23949,5949.72,4611.5,2.41,2.22,-35.6,-0.426,19.0,20.21,04a60297o0116o
60297.110322,15.536,0.012,2217,27,o,0,2.92,41.57554,-30.23949,5893.7,4529.37,2.26,2.11,-28.4,-0.442,19.04,20.18,04a60297o0127o
60297.120401,15.499,0.012,2293,27,o,0,2.87,41.57554,-30.23949,5873.55,4639.31,2.22,2.01,-38.5,-0.448,19.05,20.14,04a60297o0147o
60298.13451,15.481,0.012,2331,28,o,0,6.8,41.57554,-30.23949,7232.58,8430.62,2.39,2.18,-57.0,-0.417,19.05,20.32,04a60298o0181o
60298.137704,15.474,0.011,2346,25,o,0,12.37,41.57554,-30.23949,7249.53,8467.19,2.27,2.05,-19.3,-0.399,19.1,20.31,04a60298o0188o
60298.144584,15.489,0.012,2315,27,o,0,10.67,41.57554,-30.23949,7189.44,8385.88,2.26,2.02,-19.1,-0.414,19.1,20.28,04a60298o0203o
60298.154837,15.511,0.011,2268,25,o,0,19.41,41.57554,-30.23949,7171.05,8497.4,2.17,1.91,-15.8,-0.424,19.1,20.28,04a60298o0225o
60298.869376,15.554,0.011,2180,23,o,0,4.3,41.57554,-30.23949,7032.31,8529.8,2.7,2.24,-43.8,-0.401,19.1,20.14,03a60299o0160o
60298.873037,15.57,0.011,2147,24,o,0,4.82,41.57554,-30.23949,7049.12,8569.45,2.66,2.23,-42.7,-0.402,19.11,20.12,03a60299o0168o
60298.878295,15.564,0.012,2161,25,o,0,3.52,41.57554,-30.23949,6993.98,8489.68,2.6,2.14,-45.1,-0.408,19.08,20.01,03a60299o0179o
60298.888138,15.553,0.012,2182,26,o,0,2.93,41.57554,-30.23949,6973.74,8602.49,2.77,2.34,-46.7,-0.4,19.01,20.03,03a60299o0200o
60299.856303,15.575,0.012,2137,25,o,0,1.84,41.57554,-30.23949,4644.09,2662.18,2.27,2.08,-50.3,-0.428,19.01,19.84,03a60300o0130o
60299.860594,15.569,0.012,2150,26,o,0,1.93,41.57554,-30.23949,4662.45,2701.25,2.36,2.11,-55.6,-0.417,18.92,19.76,03a60300o0139o
60299.865686,15.559,0.012,2169,27,o,0,1.76,41.57554,-30.23949,4604.93,2621.9,2.39,2.13,-56.8,-0.416,18.89,19.75,03a60300o0150o
